id,name,value,timestamp,createdTimestamp,workstationCode,workstationId,workstationComponent,nameId,rawName
CC4F0A286888340193819065508DAFEF,execution,STOPPED,2025-05-08T22:42:21.806467+00:00,2025-05-08T22:42:21.945493+00:00,Haas-VF2,HAAS-VF2,1,44C66283C2F94886BBBEA5BD88C8BF44,STOPPED
83433F3130CF216419EF56BE19D08F43,execution,STOPPED,2025-05-08T22:42:31.844078+00:00,2025-05-08T22:42:31.942013+00:00,Haas-VF2,HAAS-VF2,1,44C66283C2F94886BBBEA5BD88C8BF44,STOPPED
EFC934D5C2EFB2CD019453257B87BC36,execution,STOPPED,2025-05-08T22:42:41.802015+00:00,2025-05-08T22:42:41.952016+00:00,Haas-VF2,HAAS-VF2,1,44C66283C2F94886BBBEA5BD88C8BF44,STOPPED
B2C4EFF329337183436B33A4852BD0D1,execution,STOPPED,2025-05-08T22:42:51.791441+00:00,2025-05-08T22:42:51.940180+00:00,Haas-VF2,HAAS-VF2,1,44C66283C2F94886BBBEA5BD88C8BF44,STOPPED
AB21034195C364DD4233B008E6CB385F,execution,STOPPED,2025-05-08T22:43:01.789195+00:00,2025-05-08T22:43:01.926497+00:00,Haas-VF2,HAAS-VF2,1,44C66283C2F94886BBBEA5BD88C8BF44,STOPPED
8143E70A82ABEFE08DF9F7462699E2CB,gcode.programname,O02500,2025-05-08T22:43:08.876236+00:00,2025-05-08T22:43:08.940362+00:00,Haas-VF2,HAAS-VF2,1,1C73E861C929D618B43B3F1FBB14E072,O02500
97FD5F8B268BCA3DC60EB74F4CF638C9,execution,ACTIVE,2025-05-08T22:43:08.876175+00:00,2025-05-08T22:43:08.940385+00:00,Haas-VF2,HAAS-VF2,1,44C66283C2F94886BBBEA5BD88C8BF44,ACTIVE
B3816A4E67834E379717FD94473A87B3,toolnumber,171,2025-05-08T22:43:08.894417+00:00,2025-05-08T22:43:08.940395+00:00,Haas-VF2,HAAS-VF2,1,3D38368E6BF777E49AD6E83C69BCF77A,171
C67EC368624DD9DC032345069597EFF5,gcode.toolSlotId,171,2025-05-08T22:43:08.718061+00:00,2025-05-08T22:43:08.940401+00:00,Haas-VF2,HAAS-VF2,1,36D46A341E521DCDA4E15E05B6E3FF40,171
152516C2D46809D79E9990244D4B2FAA,gcode.ncode,N55,2025-05-08T22:43:09.840548+00:00,2025-05-08T22:43:09.924789+00:00,Haas-VF2,HAAS-VF2,1,13DF52F4A6D8F4E951161CACF4633DDA,N55
D9BAC96656A65D4DD9EB4670A5B3D788,spindlespeed,6999.755859375,2025-05-08T22:43:09.840608+00:00,2025-05-08T22:43:09.924815+00:00,Haas-VF2,HAAS-VF2,1,70E5DFCB0E62CBF43B100427E0671FDA,6999.755859375
8D17DA5A41322EB9C34DFA209DACDF46,gcode.ncode,N70,2025-05-08T22:43:10.855615+00:00,2025-05-08T22:43:10.949591+00:00,Haas-VF2,HAAS-VF2,1,13DF52F4A6D8F4E951161CACF4633DDA,N70
0BD4F6DBCB24ED37D7AC5ECD0CB41281,spindlespeed,6999.700927734375,2025-05-08T22:43:10.855670+00:00,2025-05-08T22:43:10.949761+00:00,Haas-VF2,HAAS-VF2,1,70E5DFCB0E62CBF43B100427E0671FDA,6999.700927734375
EC309D747C6376E9B0DC25793BC5C736,pathfeedrate,40.0,2025-05-08T22:43:10.829422+00:00,2025-05-08T22:43:10.949790+00:00,Haas-VF2,HAAS-VF2,1,0D029646C219F862C033160876BC35A2,40.0
D15E86E870CC82100B85E7AA99211747,load,9,2025-05-08T22:43:11.779373+00:00,2025-05-08T22:43:11.965093+00:00,Haas-VF2,HAAS-VF2,1,E981AB9DD6494EC93097EC399F92940C,9
0C7D0D8C8308D8DB7CB1246B4543D220,gcode.ncode,N75,2025-05-08T22:43:11.850507+00:00,2025-05-08T22:43:11.965129+00:00,Haas-VF2,HAAS-VF2,1,13DF52F4A6D8F4E951161CACF4633DDA,N75
80A59E0DC04DE08D17B59A9B04A4054C,spindlespeed,6998.895263671875,2025-05-08T22:43:11.850574+00:00,2025-05-08T22:43:11.965144+00:00,Haas-VF2,HAAS-VF2,1,70E5DFCB0E62CBF43B100427E0671FDA,6998.895263671875
34F3A1674458BF6C83072D760AA912A6,load,20,2025-05-08T22:43:12.774654+00:00,2025-05-08T22:43:12.960032+00:00,Haas-VF2,HAAS-VF2,1,E981AB9DD6494EC93097EC399F92940C,20
18E90C3C2B4EDACBA69E2987EE8A0E8F,gcode.ncode,N80,2025-05-08T22:43:12.807392+00:00,2025-05-08T22:43:12.960050+00:00,Haas-VF2,HAAS-VF2,1,13DF52F4A6D8F4E951161CACF4633DDA,N80
3B7E282DAFE46254EDBCD04870731F79,spindlespeed,6998.675537109375,2025-05-08T22:43:12.807432+00:00,2025-05-08T22:43:12.960056+00:00,Haas-VF2,HAAS-VF2,1,70E5DFCB0E62CBF43B100427E0671FDA,6998.675537109375
58DF7FBAB6BDA35FAA88BBE68E3E566A,pathfeedrate,105.0,2025-05-08T22:43:12.843617+00:00,2025-05-08T22:43:12.960062+00:00,Haas-VF2,HAAS-VF2,1,0D029646C219F862C033160876BC35A2,105.0
3FFCA3AC726CBDE35DD6C9C23F123F69,load,19,2025-05-08T22:43:13.772754+00:00,2025-05-08T22:43:13.944377+00:00,Haas-VF2,HAAS-VF2,1,E981AB9DD6494EC93097EC399F92940C,19
E8DF433BA3FA3DA8D16B241669709173,spindlespeed,6999.8565673828125,2025-05-08T22:43:13.826330+00:00,2025-05-08T22:43:13.944405+00:00,Haas-VF2,HAAS-VF2,1,70E5DFCB0E62CBF43B100427E0671FDA,6999.8565673828125
6AAC69F83A8CBB3FA5B991B3E05A9E93,load,18,2025-05-08T22:43:14.767258+00:00,2025-05-08T22:43:14.935550+00:00,Haas-VF2,HAAS-VF2,1,E981AB9DD6494EC93097EC399F92940C,18
FBD798456DFEEB1B5437E36F236D25A8,spindlespeed,6999.7283935546875,2025-05-08T22:43:14.800203+00:00,2025-05-08T22:43:14.935571+00:00,Haas-VF2,HAAS-VF2,1,70E5DFCB0E62CBF43B100427E0671FDA,6999.7283935546875
AF6333E2A0F1393FB50D92B7B788DBFF,load,5,2025-05-08T22:43:15.777830+00:00,2025-05-08T22:43:15.948833+00:00,Haas-VF2,HAAS-VF2,1,E981AB9DD6494EC93097EC399F92940C,5
80234B51AAF6957B9100B2E2D3365DE5,spindlespeed,7002.044677734375,2025-05-08T22:43:15.799427+00:00,2025-05-08T22:43:15.948854+00:00,Haas-VF2,HAAS-VF2,1,70E5DFCB0E62CBF43B100427E0671FDA,7002.044677734375
49D429B3A78C3452223E882C5B8A34EC,load,18,2025-05-08T22:43:16.774445+00:00,2025-05-08T22:43:16.958471+00:00,Haas-VF2,HAAS-VF2,1,E981AB9DD6494EC93097EC399F92940C,18
5D22025B094E9BF5FA22DFECDAD38111,gcode.ncode,N85,2025-05-08T22:43:16.848197+00:00,2025-05-08T22:43:16.958487+00:00,Haas-VF2,HAAS-VF2,1,13DF52F4A6D8F4E951161CACF4633DDA,N85
390DA7AA2E3ABE38BF2DC79694488FAD,spindlespeed,6997.0458984375,2025-05-08T22:43:16.848257+00:00,2025-05-08T22:43:16.958492+00:00,Haas-VF2,HAAS-VF2,1,70E5DFCB0E62CBF43B100427E0671FDA,6997.0458984375
F6F177A8E7CA5F67B2951145F109B544,gcode.ncode,N90,2025-05-08T22:43:17.833948+00:00,2025-05-08T22:43:17.935484+00:00,Haas-VF2,HAAS-VF2,1,13DF52F4A6D8F4E951161CACF4633DDA,N90
8AE4B6747800984294B26D030C392199,spindlespeed,6999.7833251953125,2025-05-08T22:43:17.834034+00:00,2025-05-08T22:43:17.935503+00:00,Haas-VF2,HAAS-VF2,1,70E5DFCB0E62CBF43B100427E0671FDA,6999.7833251953125
109B8379BBF84E184DE488A7392A21FA,spindlespeed,6999.737548828125,2025-05-08T22:43:18.837552+00:00,2025-05-08T22:43:18.959023+00:00,Haas-VF2,HAAS-VF2,1,70E5DFCB0E62CBF43B100427E0671FDA,6999.737548828125
6D97FF60BD3D455AD41A93545E9D375A,load,10,2025-05-08T22:43:19.773479+00:00,2025-05-08T22:43:19.951472+00:00,Haas-VF2,HAAS-VF2,1,E981AB9DD6494EC93097EC399F92940C,10
0DCDD224C379DBB4B24EE8D00091A0EC,spindlespeed,6999.6185302734375,2025-05-08T22:43:19.824734+00:00,2025-05-08T22:43:19.951494+00:00,Haas-VF2,HAAS-VF2,1,70E5DFCB0E62CBF43B100427E0671FDA,6999.6185302734375
81DD5D8DABB9EAC5E0D3EA140578915D,load,3,2025-05-08T22:43:20.782510+00:00,2025-05-08T22:43:20.951798+00:00,Haas-VF2,HAAS-VF2,1,E981AB9DD6494EC93097EC399F92940C,3
E70350D84738DA40FDD484F7B124E57D,gcode.ncode,N95,2025-05-08T22:43:20.813462+00:00,2025-05-08T22:43:20.951827+00:00,Haas-VF2,HAAS-VF2,1,13DF52F4A6D8F4E951161CACF4633DDA,N95
38E71C3A5C2E17AE7F61915044323CA9,spindlespeed,7000.52490234375,2025-05-08T22:43:20.813521+00:00,2025-05-08T22:43:20.951833+00:00,Haas-VF2,HAAS-VF2,1,70E5DFCB0E62CBF43B100427E0671FDA,7000.52490234375
EE1BB3C8E6D457EA1F1D0F83472AD8FA,pathfeedrate,40.0,2025-05-08T22:43:20.843523+00:00,2025-05-08T22:43:20.951836+00:00,Haas-VF2,HAAS-VF2,1,0D029646C219F862C033160876BC35A2,40.0
73869EA29C9C289E7614CBEF106D2414,load,6,2025-05-08T22:43:21.781439+00:00,2025-05-08T22:43:21.954434+00:00,Haas-VF2,HAAS-VF2,1,E981AB9DD6494EC93097EC399F92940C,6
0E1E80F46BDBD66D695942FBF88FA60A,gcode.ncode,N115,2025-05-08T22:43:21.811906+00:00,2025-05-08T22:43:21.954461+00:00,Haas-VF2,HAAS-VF2,1,13DF52F4A6D8F4E951161CACF4633DDA,N115
D4A3A7915E19F3184A72E04EEEE1B130,spindlespeed,5768.1976318359375,2025-05-08T22:43:21.811969+00:00,2025-05-08T22:43:21.954472+00:00,Haas-VF2,HAAS-VF2,1,70E5DFCB0E62CBF43B100427E0671FDA,5768.1976318359375
F4292C7B56E6F27E221B1C791BB8EE39,load,1,2025-05-08T22:43:22.776687+00:00,2025-05-08T22:43:22.961182+00:00,Haas-VF2,HAAS-VF2,1,E981AB9DD6494EC93097EC399F92940C,1
8B3740FAD2F91A86C1F2AC80088DA864,gcode.ncode,N120,2025-05-08T22:43:22.873748+00:00,2025-05-08T22:43:22.961200+00:00,Haas-VF2,HAAS-VF2,1,13DF52F4A6D8F4E951161CACF4633DDA,N120
67F90E702CCF2689078C4538AC9FC66C,spindlespeed,0.47607421875,2025-05-08T22:43:22.873817+00:00,2025-05-08T22:43:22.961206+00:00,Haas-VF2,HAAS-VF2,1,70E5DFCB0E62CBF43B100427E0671FDA,0.47607421875
70897B8C45408F0291FA34C55F16CBC4,pathfeedrate,0.0,2025-05-08T22:43:22.843992+00:00,2025-05-08T22:43:22.961210+00:00,Haas-VF2,HAAS-VF2,1,0D029646C219F862C033160876BC35A2,0.0
3F1CC09DC3CB940FC58C760F60589D5E,load,0,2025-05-08T22:43:23.769729+00:00,2025-05-08T22:43:23.941291+00:00,Haas-VF2,HAAS-VF2,1,E981AB9DD6494EC93097EC399F92940C,0
55E08A0FF6E0059608DF10FA3AC3DAB0,spindlespeed,0.0,2025-05-08T22:43:23.807369+00:00,2025-05-08T22:43:23.941316+00:00,Haas-VF2,HAAS-VF2,1,70E5DFCB0E62CBF43B100427E0671FDA,0.0
C742379DA6567168203434F2977DA8D5,execution,STOPPED,2025-05-08T22:43:24.804693+00:00,2025-05-08T22:43:24.936067+00:00,Haas-VF2,HAAS-VF2,1,44C66283C2F94886BBBEA5BD88C8BF44,STOPPED
ADFC920F090DBDC64FDAFB47FABEFD18,partcount,886,2025-05-08T22:43:24.804760+00:00,2025-05-08T22:43:24.936093+00:00,Haas-VF2,HAAS-VF2,1,19888D23893669DE81D5180E6890C4A9,886
C283A8B6899698E9C46324D593DECEED,execution,STOPPED,2025-05-08T22:43:34.794707+00:00,2025-05-08T22:43:34.926899+00:00,Haas-VF2,HAAS-VF2,1,44C66283C2F94886BBBEA5BD88C8BF44,STOPPED
6BBB9D577B99B4CFD78A83A09D386EDC,gcode.programname,O02500,2025-05-08T22:43:39.836648+00:00,2025-05-08T22:43:39.926449+00:00,Haas-VF2,HAAS-VF2,1,1C73E861C929D618B43B3F1FBB14E072,O02500
BA7E85C1C6A048731C731AF3D5F1C87D,execution,ACTIVE,2025-05-08T22:43:39.836572+00:00,2025-05-08T22:43:39.926465+00:00,Haas-VF2,HAAS-VF2,1,44C66283C2F94886BBBEA5BD88C8BF44,ACTIVE
1ED77465116572282F7D52E4F6953E74,toolnumber,171,2025-05-08T22:43:39.880383+00:00,2025-05-08T22:43:39.926474+00:00,Haas-VF2,HAAS-VF2,1,3D38368E6BF777E49AD6E83C69BCF77A,171
F5816A406EA5AF3CB0949DC3DF256923,gcode.toolSlotId,171,2025-05-08T22:43:39.718080+00:00,2025-05-08T22:43:39.926478+00:00,Haas-VF2,HAAS-VF2,1,36D46A341E521DCDA4E15E05B6E3FF40,171
7A10BC49905E61ECCF30F55E1B0DD883,load,2,2025-05-08T22:43:40.784788+00:00,2025-05-08T22:43:40.938386+00:00,Haas-VF2,HAAS-VF2,1,E981AB9DD6494EC93097EC399F92940C,2
6BAA5F7308A61EFEFA826424A224AEE1,gcode.ncode,N55,2025-05-08T22:43:40.843638+00:00,2025-05-08T22:43:40.938408+00:00,Haas-VF2,HAAS-VF2,1,13DF52F4A6D8F4E951161CACF4633DDA,N55
2AC268EB39A7F21020FCA270BFD5D4BE,spindlespeed,6999.6368408203125,2025-05-08T22:43:40.843689+00:00,2025-05-08T22:43:40.938416+00:00,Haas-VF2,HAAS-VF2,1,70E5DFCB0E62CBF43B100427E0671FDA,6999.6368408203125
2C85915892147E0903B12447FB059226,gcode.ncode,N70,2025-05-08T22:43:41.844419+00:00,2025-05-08T22:43:41.946409+00:00,Haas-VF2,HAAS-VF2,1,13DF52F4A6D8F4E951161CACF4633DDA,N70
D1129CC4F8B3682633E730304D35FEC0,spindlespeed,6999.5086669921875,2025-05-08T22:43:41.844471+00:00,2025-05-08T22:43:41.946449+00:00,Haas-VF2,HAAS-VF2,1,70E5DFCB0E62CBF43B100427E0671FDA,6999.5086669921875
02CCFE928DEA80C894D74B8AD7FB2CFE,pathfeedrate,40.0,2025-05-08T22:43:41.837454+00:00,2025-05-08T22:43:41.946459+00:00,Haas-VF2,HAAS-VF2,1,0D029646C219F862C033160876BC35A2,40.0
F036D296DB8D08372FAAA45F179FA457,load,8,2025-05-08T22:43:42.779855+00:00,2025-05-08T22:43:42.965934+00:00,Haas-VF2,HAAS-VF2,1,E981AB9DD6494EC93097EC399F92940C,8
650B812553649492CB4C9A4F5888B58E,load,18,2025-05-08T22:43:43.770165+00:00,2025-05-08T22:43:43.953729+00:00,Haas-VF2,HAAS-VF2,1,E981AB9DD6494EC93097EC399F92940C,18
217EA107F539F43586D5113507884B22,gcode.ncode,N75,2025-05-08T22:43:43.816718+00:00,2025-05-08T22:43:43.953753+00:00,Haas-VF2,HAAS-VF2,1,13DF52F4A6D8F4E951161CACF4633DDA,N75
63EB0AED496422E069DF4B3986E1F7D8,spindlespeed,6998.638916015625,2025-05-08T22:43:43.816803+00:00,2025-05-08T22:43:43.953762+00:00,Haas-VF2,HAAS-VF2,1,70E5DFCB0E62CBF43B100427E0671FDA,6998.638916015625
FD7B9136486FE6871FEDF5626EC28A26,pathfeedrate,105.0,2025-05-08T22:43:43.830479+00:00,2025-05-08T22:43:43.953769+00:00,Haas-VF2,HAAS-VF2,1,0D029646C219F862C033160876BC35A2,105.0
59E2C17A2768A7D2B24A6DF368A12DB4,load,19,2025-05-08T22:43:44.775733+00:00,2025-05-08T22:43:44.948640+00:00,Haas-VF2,HAAS-VF2,1,E981AB9DD6494EC93097EC399F92940C,19
064B2C5AEBEC35F9FEBFB3AD9A71194B,spindlespeed,6999.224853515625,2025-05-08T22:43:44.789839+00:00,2025-05-08T22:43:44.948737+00:00,Haas-VF2,HAAS-VF2,1,70E5DFCB0E62CBF43B100427E0671FDA,6999.224853515625
8DCF9FBB1C779793BD926A82D6BE5229,load,18,2025-05-08T22:43:45.767816+00:00,2025-05-08T22:43:45.952363+00:00,Haas-VF2,HAAS-VF2,1,E981AB9DD6494EC93097EC399F92940C,18
D51EF9E8CA7D172D5563F96382A41D49,gcode.ncode,N80,2025-05-08T22:43:45.806600+00:00,2025-05-08T22:43:45.952384+00:00,Haas-VF2,HAAS-VF2,1,13DF52F4A6D8F4E951161CACF4633DDA,N80
D62F774B247400C200EA3948F66A9718,spindlespeed,6999.6826171875,2025-05-08T22:43:45.806653+00:00,2025-05-08T22:43:45.952392+00:00,Haas-VF2,HAAS-VF2,1,70E5DFCB0E62CBF43B100427E0671FDA,6999.6826171875
C63BA03A7320FF640EC5F06342912045,load,7,2025-05-08T22:43:46.777400+00:00,2025-05-08T22:43:46.947617+00:00,Haas-VF2,HAAS-VF2,1,E981AB9DD6494EC93097EC399F92940C,7
065C9426B7385A4DE48441A11F850613,spindlespeed,7000.0762939453125,2025-05-08T22:43:46.819345+00:00,2025-05-08T22:43:46.947637+00:00,Haas-VF2,HAAS-VF2,1,70E5DFCB0E62CBF43B100427E0671FDA,7000.0762939453125
3567DE6AADCF1F96CF3D93615CC11D16,load,16,2025-05-08T22:43:47.775664+00:00,2025-05-08T22:43:47.925925+00:00,Haas-VF2,HAAS-VF2,1,E981AB9DD6494EC93097EC399F92940C,16
7E0D420EC32728A0A9F014034EB5632B,load,19,2025-05-08T22:43:48.768123+00:00,2025-05-08T22:43:48.939272+00:00,Haas-VF2,HAAS-VF2,1,E981AB9DD6494EC93097EC399F92940C,19
10E0349A01C43FB070FE25A68815A395,gcode.ncode,N85,2025-05-08T22:43:48.809595+00:00,2025-05-08T22:43:48.939294+00:00,Haas-VF2,HAAS-VF2,1,13DF52F4A6D8F4E951161CACF4633DDA,N85
D053F0C6DFC3605A2CDF658A1AA44E37,spindlespeed,6999.2889404296875,2025-05-08T22:43:48.809651+00:00,2025-05-08T22:43:48.939302+00:00,Haas-VF2,HAAS-VF2,1,70E5DFCB0E62CBF43B100427E0671FDA,6999.2889404296875
4DE08FE1250D9EA8E977A220301A2E76,load,18,2025-05-08T22:43:49.780145+00:00,2025-05-08T22:43:49.948673+00:00,Haas-VF2,HAAS-VF2,1,E981AB9DD6494EC93097EC399F92940C,18
66E50E28C38BC7A7D1AAAC95522264F5,gcode.ncode,N90,2025-05-08T22:43:49.831473+00:00,2025-05-08T22:43:49.948697+00:00,Haas-VF2,HAAS-VF2,1,13DF52F4A6D8F4E951161CACF4633DDA,N90
42FA10C8285D2511CE324EBB3737364B,spindlespeed,6999.8016357421875,2025-05-08T22:43:49.831891+00:00,2025-05-08T22:43:49.948704+00:00,Haas-VF2,HAAS-VF2,1,70E5DFCB0E62CBF43B100427E0671FDA,6999.8016357421875
DAB6E0D982F606460A44A49873A5C178,spindlespeed,6999.5819091796875,2025-05-08T22:43:50.823533+00:00,2025-05-08T22:43:50.957994+00:00,Haas-VF2,HAAS-VF2,1,70E5DFCB0E62CBF43B100427E0671FDA,6999.5819091796875
4BD8F89C545F7E27B399418173C4BAA3,load,4,2025-05-08T22:43:51.781693+00:00,2025-05-08T22:43:51.955489+00:00,Haas-VF2,HAAS-VF2,1,E981AB9DD6494EC93097EC399F92940C,4
D31037F15DA0BD8D7C3E023072FAC6C9,spindlespeed,7002.1728515625,2025-05-08T22:43:51.826448+00:00,2025-05-08T22:43:51.955508+00:00,Haas-VF2,HAAS-VF2,1,70E5DFCB0E62CBF43B100427E0671FDA,7002.1728515625
BCF32644C2788A71F4BEF9FCE13496AD,pathfeedrate,40.0,2025-05-08T22:43:51.843493+00:00,2025-05-08T22:43:51.955515+00:00,Haas-VF2,HAAS-VF2,1,0D029646C219F862C033160876BC35A2,40.0
106826483F41AEAFEFFD976AA47EC912,load,116,2025-05-08T22:43:52.779326+00:00,2025-05-08T22:43:52.950099+00:00,Haas-VF2,HAAS-VF2,1,E981AB9DD6494EC93097EC399F92940C,116
A0CE0FAEF337240C6D397ACC240BE59F,load,2,2025-05-08T22:43:53.781452+00:00,2025-05-08T22:43:53.952301+00:00,Haas-VF2,HAAS-VF2,1,E981AB9DD6494EC93097EC399F92940C,2
241077DCDD7329830082001145BCE784,gcode.ncode,N120,2025-05-08T22:43:53.838299+00:00,2025-05-08T22:43:53.952321+00:00,Haas-VF2,HAAS-VF2,1,13DF52F4A6D8F4E951161CACF4633DDA,N120
DD1FEC52DA8F0DA56C8F49F9A244537F,spindlespeed,0.5035400390625,2025-05-08T22:43:53.838370+00:00,2025-05-08T22:43:53.952328+00:00,Haas-VF2,HAAS-VF2,1,70E5DFCB0E62CBF43B100427E0671FDA,0.5035400390625
FBE98557D26A9ED22C81A55C748E9465,load,0,2025-05-08T22:43:54.774420+00:00,2025-05-08T22:43:54.941836+00:00,Haas-VF2,HAAS-VF2,1,E981AB9DD6494EC93097EC399F92940C,0
E17BAF508342FD474FA353C8110D46DF,pathfeedrate,0.0,2025-05-08T22:43:54.833551+00:00,2025-05-08T22:43:54.941863+00:00,Haas-VF2,HAAS-VF2,1,0D029646C219F862C033160876BC35A2,0.0
514501B8FF626B89FF281D56B454C78E,execution,STOPPED,2025-05-08T22:43:55.809323+00:00,2025-05-08T22:43:55.940191+00:00,Haas-VF2,HAAS-VF2,1,44C66283C2F94886BBBEA5BD88C8BF44,STOPPED
9E0AAA4E4B9C9BF985541B4C6C5CCC27,partcount,887,2025-05-08T22:43:55.809396+00:00,2025-05-08T22:43:55.940209+00:00,Haas-VF2,HAAS-VF2,1,19888D23893669DE81D5180E6890C4A9,887
BADE24091F4548ED2E4D9CBE74AD3552,gcode.programname,O02500,2025-05-08T22:44:01.830503+00:00,2025-05-08T22:44:01.938199+00:00,Haas-VF2,HAAS-VF2,1,1C73E861C929D618B43B3F1FBB14E072,O02500
273D3E1390013F818B5AC6B64245C465,execution,ACTIVE,2025-05-08T22:44:01.830444+00:00,2025-05-08T22:44:01.938226+00:00,Haas-VF2,HAAS-VF2,1,44C66283C2F94886BBBEA5BD88C8BF44,ACTIVE
50565B72021639DE934E7084AAD2C30B,toolnumber,171,2025-05-08T22:44:01.890215+00:00,2025-05-08T22:44:01.938231+00:00,Haas-VF2,HAAS-VF2,1,3D38368E6BF777E49AD6E83C69BCF77A,171
21DF810EA85A6CC5D9C6A6FF55AE7F4A,gcode.toolSlotId,171,2025-05-08T22:44:01.718071+00:00,2025-05-08T22:44:01.938235+00:00,Haas-VF2,HAAS-VF2,1,36D46A341E521DCDA4E15E05B6E3FF40,171
26B05A30BC41363B605B93E8138EDD98,spindlespeed,6999.9664306640625,2025-05-08T22:44:02.813631+00:00,2025-05-08T22:44:02.952488+00:00,Haas-VF2,HAAS-VF2,1,70E5DFCB0E62CBF43B100427E0671FDA,6999.9664306640625
EE725E3449DAE988F4ED5EAF915F3788,gcode.ncode,N55,2025-05-08T22:44:03.819538+00:00,2025-05-08T22:44:03.932951+00:00,Haas-VF2,HAAS-VF2,1,13DF52F4A6D8F4E951161CACF4633DDA,N55
EDD96FDA688288A6574FEC8CAC457E2C,spindlespeed,6999.6917724609375,2025-05-08T22:44:03.819601+00:00,2025-05-08T22:44:03.932985+00:00,Haas-VF2,HAAS-VF2,1,70E5DFCB0E62CBF43B100427E0671FDA,6999.6917724609375
A25C8BDB1BD7B585941E160F5F17F243,pathfeedrate,40.0,2025-05-08T22:44:03.824354+00:00,2025-05-08T22:44:03.932998+00:00,Haas-VF2,HAAS-VF2,1,0D029646C219F862C033160876BC35A2,40.0
5088B208D2D701FF17F010A325543BBD,load,9,2025-05-08T22:44:04.770767+00:00,2025-05-08T22:44:04.944206+00:00,Haas-VF2,HAAS-VF2,1,E981AB9DD6494EC93097EC399F92940C,9
D19058536E754FCCFD1B613A24E96986,gcode.ncode,N65,2025-05-08T22:44:04.822232+00:00,2025-05-08T22:44:04.944221+00:00,Haas-VF2,HAAS-VF2,1,13DF52F4A6D8F4E951161CACF4633DDA,N65
CC7507AA32CC3B3A74ACF96ADBBC05E7,spindlespeed,6999.5635986328125,2025-05-08T22:44:04.822312+00:00,2025-05-08T22:44:04.944226+00:00,Haas-VF2,HAAS-VF2,1,70E5DFCB0E62CBF43B100427E0671FDA,6999.5635986328125
8F8D4AAC3444A94157984822F6D50360,load,19,2025-05-08T22:44:05.773330+00:00,2025-05-08T22:44:05.989377+00:00,Haas-VF2,HAAS-VF2,1,E981AB9DD6494EC93097EC399F92940C,19
50EA916F97A11DBBBA98305996860E2D,gcode.ncode,N80,2025-05-08T22:44:05.911089+00:00,2025-05-08T22:44:05.989397+00:00,Haas-VF2,HAAS-VF2,1,13DF52F4A6D8F4E951161CACF4633DDA,N80
435694E3167051BA94C40E4C3F750323,spindlespeed,6999.13330078125,2025-05-08T22:44:05.911152+00:00,2025-05-08T22:44:05.989407+00:00,Haas-VF2,HAAS-VF2,1,70E5DFCB0E62CBF43B100427E0671FDA,6999.13330078125
3A35A0C82C9039225C627ED59C7EB4E6,pathfeedrate,105.0,2025-05-08T22:44:05.883300+00:00,2025-05-08T22:44:05.989415+00:00,Haas-VF2,HAAS-VF2,1,0D029646C219F862C033160876BC35A2,105.0
C103DA7ACEC3839DE4C9FE50243B8054,load,18,2025-05-08T22:44:06.771129+00:00,2025-05-08T22:44:06.957976+00:00,Haas-VF2,HAAS-VF2,1,E981AB9DD6494EC93097EC399F92940C,18
1FAA6DEC9F6D4B5765ECD6618C138A4E,spindlespeed,6999.8199462890625,2025-05-08T22:44:07.817307+00:00,2025-05-08T22:44:07.962791+00:00,Haas-VF2,HAAS-VF2,1,70E5DFCB0E62CBF43B100427E0671FDA,6999.8199462890625
616CBFE84FE6C1C4C4F6D9B6B2CD2861,load,7,2025-05-08T22:44:08.766248+00:00,2025-05-08T22:44:08.932529+00:00,Haas-VF2,HAAS-VF2,1,E981AB9DD6494EC93097EC399F92940C,7
61DD9A80ED3340B9C04B19983EF65C16,spindlespeed,6999.774169921875,2025-05-08T22:44:08.812063+00:00,2025-05-08T22:44:08.932551+00:00,Haas-VF2,HAAS-VF2,1,70E5DFCB0E62CBF43B100427E0671FDA,6999.774169921875
AE218D66CD05EEEB35DA3D6551FCF23E,load,17,2025-05-08T22:44:09.778392+00:00,2025-05-08T22:44:09.947213+00:00,Haas-VF2,HAAS-VF2,1,E981AB9DD6494EC93097EC399F92940C,17
20E637456D2AC31F31C5CCC64EE0D77F,spindlespeed,7002.4017333984375,2025-05-08T22:44:09.794184+00:00,2025-05-08T22:44:09.947230+00:00,Haas-VF2,HAAS-VF2,1,70E5DFCB0E62CBF43B100427E0671FDA,7002.4017333984375
AF438169F5D28299E35259666EABE149,load,18,2025-05-08T22:44:10.772714+00:00,2025-05-08T22:44:10.926637+00:00,Haas-VF2,HAAS-VF2,1,E981AB9DD6494EC93097EC399F92940C,18
926619DEA0BA43C6B3A5417D750CCFDD,gcode.ncode,N85,2025-05-08T22:44:10.812666+00:00,2025-05-08T22:44:10.926653+00:00,Haas-VF2,HAAS-VF2,1,13DF52F4A6D8F4E951161CACF4633DDA,N85
81E9413BFED1DF4799EB44C2957B13F6,spindlespeed,6997.8515625,2025-05-08T22:44:10.812743+00:00,2025-05-08T22:44:10.926660+00:00,Haas-VF2,HAAS-VF2,1,70E5DFCB0E62CBF43B100427E0671FDA,6997.8515625
8FBACDEC3B722578EB3E73C1CBEB14FB,gcode.ncode,N90,2025-05-08T22:44:11.806191+00:00,2025-05-08T22:44:11.926650+00:00,Haas-VF2,HAAS-VF2,1,13DF52F4A6D8F4E951161CACF4633DDA,N90
486262250142F01AEA51587EFD838587,spindlespeed,6999.7467041015625,2025-05-08T22:44:11.806249+00:00,2025-05-08T22:44:11.926673+00:00,Haas-VF2,HAAS-VF2,1,70E5DFCB0E62CBF43B100427E0671FDA,6999.7467041015625
13EEB4DDCD2ED507B6B777E1C91880AE,spindlespeed,6999.517822265625,2025-05-08T22:44:12.835293+00:00,2025-05-08T22:44:12.920416+00:00,Haas-VF2,HAAS-VF2,1,70E5DFCB0E62CBF43B100427E0671FDA,6999.517822265625
5BCB1402AC4332AEDDFC05C51557DFC2,load,3,2025-05-08T22:44:13.775593+00:00,2025-05-08T22:44:13.963155+00:00,Haas-VF2,HAAS-VF2,1,E981AB9DD6494EC93097EC399F92940C,3
2D3340479B35A35E909B6B29B8232028,spindlespeed,6999.6002197265625,2025-05-08T22:44:13.800006+00:00,2025-05-08T22:44:13.963185+00:00,Haas-VF2,HAAS-VF2,1,70E5DFCB0E62CBF43B100427E0671FDA,6999.6002197265625
4DEDD44A7EEA55A8A219801A8528435E,pathfeedrate,40.0,2025-05-08T22:44:13.837690+00:00,2025-05-08T22:44:13.963193+00:00,Haas-VF2,HAAS-VF2,1,0D029646C219F862C033160876BC35A2,40.0
EBEE3CCF25720ABD3236F9B59105E574,load,116,2025-05-08T22:44:14.772207+00:00,2025-05-08T22:44:14.957768+00:00,Haas-VF2,HAAS-VF2,1,E981AB9DD6494EC93097EC399F92940C,116
1552B4F2A9393C0718AC66B7EF07F479,spindlespeed,7001.33056640625,2025-05-08T22:44:14.787378+00:00,2025-05-08T22:44:14.957797+00:00,Haas-VF2,HAAS-VF2,1,70E5DFCB0E62CBF43B100427E0671FDA,7001.33056640625
C6727E5F00D3832B0013F6EFBF21D919,load,2,2025-05-08T22:44:15.764364+00:00,2025-05-08T22:44:15.940120+00:00,Haas-VF2,HAAS-VF2,1,E981AB9DD6494EC93097EC399F92940C,2
20858EBD6D515EEE981E43D8B76C6925,gcode.ncode,N115,2025-05-08T22:44:15.930365+00:00,2025-05-08T22:44:15.940135+00:00,Haas-VF2,HAAS-VF2,1,13DF52F4A6D8F4E951161CACF4633DDA,N115
DC1D097A98BA899CFD44CFF27DC2F05E,spindlespeed,5994.68994140625,2025-05-08T22:44:15.930431+00:00,2025-05-08T22:44:15.940141+00:00,Haas-VF2,HAAS-VF2,1,70E5DFCB0E62CBF43B100427E0671FDA,5994.68994140625
DCCDFB4D89FB600AE68CB8C8F0D8E71A,pathfeedrate,0.0,2025-05-08T22:44:15.810357+00:00,2025-05-08T22:44:15.940145+00:00,Haas-VF2,HAAS-VF2,1,0D029646C219F862C033160876BC35A2,0.0
3415C421E363075167EBDC55A16E7672,load,0,2025-05-08T22:44:16.777154+00:00,2025-05-08T22:44:16.979225+00:00,Haas-VF2,HAAS-VF2,1,E981AB9DD6494EC93097EC399F92940C,0
AB54C4C3E9B12E831A10D733E833667B,gcode.ncode,N120,2025-05-08T22:44:16.785072+00:00,2025-05-08T22:44:16.979250+00:00,Haas-VF2,HAAS-VF2,1,13DF52F4A6D8F4E951161CACF4633DDA,N120
797569A6B99D6245C54F62DF54F31472,spindlespeed,0.5218505859375,2025-05-08T22:44:16.785134+00:00,2025-05-08T22:44:16.979259+00:00,Haas-VF2,HAAS-VF2,1,70E5DFCB0E62CBF43B100427E0671FDA,0.5218505859375
5D0EE9C9CF0FCBF1F28D03F162CC3E29,execution,STOPPED,2025-05-08T22:44:17.793196+00:00,2025-05-08T22:44:17.965659+00:00,Haas-VF2,HAAS-VF2,1,44C66283C2F94886BBBEA5BD88C8BF44,STOPPED
7042F2BAE5679E25B6ED1481C9BEEDE4,partcount,888,2025-05-08T22:44:17.793267+00:00,2025-05-08T22:44:17.965684+00:00,Haas-VF2,HAAS-VF2,1,19888D23893669DE81D5180E6890C4A9,888
E3D8A9F963709517A1778F8AB64E24BB,gcode.programname,O02500,2025-05-08T22:44:25.790185+00:00,2025-05-08T22:44:25.938411+00:00,Haas-VF2,HAAS-VF2,1,1C73E861C929D618B43B3F1FBB14E072,O02500
57762BFC6E75E9C6D8E8C4A64D6A8F19,execution,ACTIVE,2025-05-08T22:44:25.790130+00:00,2025-05-08T22:44:25.938442+00:00,Haas-VF2,HAAS-VF2,1,44C66283C2F94886BBBEA5BD88C8BF44,ACTIVE
53AF9C86E8FAFC448AE4F385287D30EF,toolnumber,171,2025-05-08T22:44:25.876462+00:00,2025-05-08T22:44:25.938450+00:00,Haas-VF2,HAAS-VF2,1,3D38368E6BF777E49AD6E83C69BCF77A,171
7EEA9879089E4EE95D2C91F8EEA33113,gcode.toolSlotId,171,2025-05-08T22:44:25.718064+00:00,2025-05-08T22:44:25.938457+00:00,Haas-VF2,HAAS-VF2,1,36D46A341E521DCDA4E15E05B6E3FF40,171
0351313BB3DE02DCD7FB8D87E68C9148,spindlespeed,6999.7283935546875,2025-05-08T22:44:26.822509+00:00,2025-05-08T22:44:26.951098+00:00,Haas-VF2,HAAS-VF2,1,70E5DFCB0E62CBF43B100427E0671FDA,6999.7283935546875
CCA86E6A71F8A83E1DCC7C82421995B0,pathfeedrate,13.333,2025-05-08T22:44:26.829350+00:00,2025-05-08T22:44:26.951121+00:00,Haas-VF2,HAAS-VF2,1,0D029646C219F862C033160876BC35A2,13.333
47E4995643213B252CA7A50004E2168D,load,5,2025-05-08T22:44:27.781156+00:00,2025-05-08T22:44:27.935191+00:00,Haas-VF2,HAAS-VF2,1,E981AB9DD6494EC93097EC399F92940C,5
58D86BE4B3B70FA39499A913B0237EFC,gcode.ncode,N55,2025-05-08T22:44:27.825827+00:00,2025-05-08T22:44:27.935217+00:00,Haas-VF2,HAAS-VF2,1,13DF52F4A6D8F4E951161CACF4633DDA,N55
5EC9C618CC1169CA8D606E31DA52D156,spindlespeed,6999.9847412109375,2025-05-08T22:44:27.825901+00:00,2025-05-08T22:44:27.935229+00:00,Haas-VF2,HAAS-VF2,1,70E5DFCB0E62CBF43B100427E0671FDA,6999.9847412109375
237AD37E26811CF3DAE82287A3C8F252,pathfeedrate,40.0,2025-05-08T22:44:27.840512+00:00,2025-05-08T22:44:27.935239+00:00,Haas-VF2,HAAS-VF2,1,0D029646C219F862C033160876BC35A2,40.0
27DB9B2FD7CBE87B24AEB4350ABB3A8A,load,11,2025-05-08T22:44:28.780115+00:00,2025-05-08T22:44:28.947968+00:00,Haas-VF2,HAAS-VF2,1,E981AB9DD6494EC93097EC399F92940C,11
E0FCA7825F61A37A79F49F923244DE2F,gcode.ncode,N75,2025-05-08T22:44:28.788812+00:00,2025-05-08T22:44:28.948015+00:00,Haas-VF2,HAAS-VF2,1,13DF52F4A6D8F4E951161CACF4633DDA,N75
3FC00607186F1E894BDDCA87675F77AE,spindlespeed,6999.5635986328125,2025-05-08T22:44:28.788915+00:00,2025-05-08T22:44:28.948022+00:00,Haas-VF2,HAAS-VF2,1,70E5DFCB0E62CBF43B100427E0671FDA,6999.5635986328125
74DDE953BE95E55393CBF31B6B600B33,load,19,2025-05-08T22:44:29.776973+00:00,2025-05-08T22:44:29.949834+00:00,Haas-VF2,HAAS-VF2,1,E981AB9DD6494EC93097EC399F92940C,19
95D8BE9E085C2FFD91C91010495E2981,spindlespeed,6999.2431640625,2025-05-08T22:44:29.809636+00:00,2025-05-08T22:44:29.949885+00:00,Haas-VF2,HAAS-VF2,1,70E5DFCB0E62CBF43B100427E0671FDA,6999.2431640625
88B365DEB81A68B43AF780C1B4C0094C,pathfeedrate,105.0,2025-05-08T22:44:29.837199+00:00,2025-05-08T22:44:29.949899+00:00,Haas-VF2,HAAS-VF2,1,0D029646C219F862C033160876BC35A2,105.0
4766B77D99C0484F39D9279C9562A726,load,18,2025-05-08T22:44:30.782793+00:00,2025-05-08T22:44:30.945575+00:00,Haas-VF2,HAAS-VF2,1,E981AB9DD6494EC93097EC399F92940C,18
673FC9412C3E1A9D869B584EEEBD627C,gcode.ncode,N80,2025-05-08T22:44:30.829905+00:00,2025-05-08T22:44:30.945593+00:00,Haas-VF2,HAAS-VF2,1,13DF52F4A6D8F4E951161CACF4633DDA,N80
0E1549FA0FD17E43A793A9BD3C684DE9,spindlespeed,6999.5269775390625,2025-05-08T22:44:30.829973+00:00,2025-05-08T22:44:30.945598+00:00,Haas-VF2,HAAS-VF2,1,70E5DFCB0E62CBF43B100427E0671FDA,6999.5269775390625
17323AADA75A063C8D7DAC7A544EB106,spindlespeed,6999.8199462890625,2025-05-08T22:44:31.829116+00:00,2025-05-08T22:44:31.957020+00:00,Haas-VF2,HAAS-VF2,1,70E5DFCB0E62CBF43B100427E0671FDA,6999.8199462890625
FB551EAEB93182BC744AC3D7527FEBEC,load,4,2025-05-08T22:44:32.781809+00:00,2025-05-08T22:44:32.957079+00:00,Haas-VF2,HAAS-VF2,1,E981AB9DD6494EC93097EC399F92940C,4
80D14513AC3074BF76EACCED054B1078,spindlespeed,6999.7100830078125,2025-05-08T22:44:32.806403+00:00,2025-05-08T22:44:32.957096+00:00,Haas-VF2,HAAS-VF2,1,70E5DFCB0E62CBF43B100427E0671FDA,6999.7100830078125
12957F4BF9B71A34195B57703D760C58,load,18,2025-05-08T22:44:33.780278+00:00,2025-05-08T22:44:33.998626+00:00,Haas-VF2,HAAS-VF2,1,E981AB9DD6494EC93097EC399F92940C,18
A8B8D51CE6097FC811D9B94B78797B6F,gcode.ncode,N85,2025-05-08T22:44:33.937258+00:00,2025-05-08T22:44:33.998658+00:00,Haas-VF2,HAAS-VF2,1,13DF52F4A6D8F4E951161CACF4633DDA,N85
1A9C193205BF274873A583B47B18C603,spindlespeed,7000.2227783203125,2025-05-08T22:44:33.937341+00:00,2025-05-08T22:44:33.998670+00:00,Haas-VF2,HAAS-VF2,1,70E5DFCB0E62CBF43B100427E0671FDA,7000.2227783203125
76321D2DC8166262420F01CADC5108E2,gcode.ncode,N90,2025-05-08T22:44:34.869364+00:00,2025-05-08T22:44:34.950496+00:00,Haas-VF2,HAAS-VF2,1,13DF52F4A6D8F4E951161CACF4633DDA,N90
DB5CE83BA342A7B84153403C65EA55CF,spindlespeed,6999.13330078125,2025-05-08T22:44:34.869429+00:00,2025-05-08T22:44:34.950529+00:00,Haas-VF2,HAAS-VF2,1,70E5DFCB0E62CBF43B100427E0671FDA,6999.13330078125
1CD9B6259B2CCAABB14CEB2EC702CBFA,spindlespeed,6999.810791015625,2025-05-08T22:44:35.800862+00:00,2025-05-08T22:44:35.944865+00:00,Haas-VF2,HAAS-VF2,1,70E5DFCB0E62CBF43B100427E0671FDA,6999.810791015625
C9FBAC94A73A1535906F766FE24F781B,load,6,2025-05-08T22:44:36.769031+00:00,2025-05-08T22:44:36.941859+00:00,Haas-VF2,HAAS-VF2,1,E981AB9DD6494EC93097EC399F92940C,6
8B18A63F8E36C9F7BC0FBB46966544AE,spindlespeed,6999.7100830078125,2025-05-08T22:44:36.804542+00:00,2025-05-08T22:44:36.941892+00:00,Haas-VF2,HAAS-VF2,1,70E5DFCB0E62CBF43B100427E0671FDA,6999.7100830078125
EC9EAA0B6E4B2896EC1210690A16E46B,load,168,2025-05-08T22:44:37.765106+00:00,2025-05-08T22:44:37.935548+00:00,Haas-VF2,HAAS-VF2,1,E981AB9DD6494EC93097EC399F92940C,168
6E0F8E99040976612C68D19490F26AA7,spindlespeed,7002.24609375,2025-05-08T22:44:37.845353+00:00,2025-05-08T22:44:37.935568+00:00,Haas-VF2,HAAS-VF2,1,70E5DFCB0E62CBF43B100427E0671FDA,7002.24609375
D6CE3E84857B7ED4D790AECA43919B67,pathfeedrate,40.0,2025-05-08T22:44:37.812915+00:00,2025-05-08T22:44:37.935585+00:00,Haas-VF2,HAAS-VF2,1,0D029646C219F862C033160876BC35A2,40.0
DB8A803E6A1A685D5DE635185E7FF07F,load,4,2025-05-08T22:44:38.777066+00:00,2025-05-08T22:44:38.947121+00:00,Haas-VF2,HAAS-VF2,1,E981AB9DD6494EC93097EC399F92940C,4
A41B745A21C52D11CC479536E416C354,gcode.ncode,N100,2025-05-08T22:44:38.804311+00:00,2025-05-08T22:44:38.947152+00:00,Haas-VF2,HAAS-VF2,1,13DF52F4A6D8F4E951161CACF4633DDA,N100
70FDA626F256BEC31F8DB99E513DEF2A,spindlespeed,6999.9847412109375,2025-05-08T22:44:38.804369+00:00,2025-05-08T22:44:38.947158+00:00,Haas-VF2,HAAS-VF2,1,70E5DFCB0E62CBF43B100427E0671FDA,6999.9847412109375
38AC14C2A7BE25270897F5E319B0EA3C,load,0,2025-05-08T22:44:39.768545+00:00,2025-05-08T22:44:39.925600+00:00,Haas-VF2,HAAS-VF2,1,E981AB9DD6494EC93097EC399F92940C,0
2B2817E129CB200AB8ED8A0745ED4DC3,gcode.ncode,N120,2025-05-08T22:44:39.812968+00:00,2025-05-08T22:44:39.925635+00:00,Haas-VF2,HAAS-VF2,1,13DF52F4A6D8F4E951161CACF4633DDA,N120
E398294FBB2F553519389A12AAA73377,spindlespeed,0.2105712890625,2025-05-08T22:44:39.813015+00:00,2025-05-08T22:44:39.925648+00:00,Haas-VF2,HAAS-VF2,1,70E5DFCB0E62CBF43B100427E0671FDA,0.2105712890625
44BD2AFC1F26073D2C94844238BB3101,pathfeedrate,0.0,2025-05-08T22:44:39.814214+00:00,2025-05-08T22:44:39.925657+00:00,Haas-VF2,HAAS-VF2,1,0D029646C219F862C033160876BC35A2,0.0
9A811340C3078395472FACF3FE69560F,execution,STOPPED,2025-05-08T22:44:40.797074+00:00,2025-05-08T22:44:40.949066+00:00,Haas-VF2,HAAS-VF2,1,44C66283C2F94886BBBEA5BD88C8BF44,STOPPED
A621643E280611A55B3327DB27BCD1D4,partcount,889,2025-05-08T22:44:40.797212+00:00,2025-05-08T22:44:40.949087+00:00,Haas-VF2,HAAS-VF2,1,19888D23893669DE81D5180E6890C4A9,889
AB94430602149D7B0A2C7EDA9D843A19,execution,STOPPED,2025-05-08T22:44:50.823931+00:00,2025-05-08T22:44:50.931089+00:00,Haas-VF2,HAAS-VF2,1,44C66283C2F94886BBBEA5BD88C8BF44,STOPPED
175954479436256A0AFF71E476A4DF47,execution,STOPPED,2025-05-08T22:45:00.793651+00:00,2025-05-08T22:45:00.963448+00:00,Haas-VF2,HAAS-VF2,1,44C66283C2F94886BBBEA5BD88C8BF44,STOPPED
257C1C359D7C9CAFC572B4A18A30DFDE,execution,STOPPED,2025-05-08T22:45:10.788063+00:00,2025-05-08T22:45:10.945211+00:00,Haas-VF2,HAAS-VF2,1,44C66283C2F94886BBBEA5BD88C8BF44,STOPPED
5805E27E137A081591661E5407AF3A51,gcode.programname,O02500,2025-05-08T22:45:19.822106+00:00,2025-05-08T22:45:19.959075+00:00,Haas-VF2,HAAS-VF2,1,1C73E861C929D618B43B3F1FBB14E072,O02500
601D297B4534631E37DF12AA3F604964,execution,ACTIVE,2025-05-08T22:45:19.822043+00:00,2025-05-08T22:45:19.959095+00:00,Haas-VF2,HAAS-VF2,1,44C66283C2F94886BBBEA5BD88C8BF44,ACTIVE
5C6924BA49D056F8BE2A6AF9B59FEEDE,toolnumber,171,2025-05-08T22:45:19.895805+00:00,2025-05-08T22:45:19.959102+00:00,Haas-VF2,HAAS-VF2,1,3D38368E6BF777E49AD6E83C69BCF77A,171
EAD79449B9D3014588E879D2EE3D2DA5,gcode.toolSlotId,171,2025-05-08T22:45:19.718083+00:00,2025-05-08T22:45:19.959107+00:00,Haas-VF2,HAAS-VF2,1,36D46A341E521DCDA4E15E05B6E3FF40,171
6DC0B3EB8CA96998E8FF13C41C35B4D5,gcode.ncode,N55,2025-05-08T22:45:20.864181+00:00,2025-05-08T22:45:20.943033+00:00,Haas-VF2,HAAS-VF2,1,13DF52F4A6D8F4E951161CACF4633DDA,N55
B8E44789BDB4DB4F205A6C6F226EB0EC,spindlespeed,6999.6734619140625,2025-05-08T22:45:20.864249+00:00,2025-05-08T22:45:20.943068+00:00,Haas-VF2,HAAS-VF2,1,70E5DFCB0E62CBF43B100427E0671FDA,6999.6734619140625
3435CFA91D792607E2DCFD33291A113B,pathfeedrate,40.0,2025-05-08T22:45:20.835215+00:00,2025-05-08T22:45:20.943085+00:00,Haas-VF2,HAAS-VF2,1,0D029646C219F862C033160876BC35A2,40.0
47422AA437F1CDCCF4A4A25C1AB26F48,load,8,2025-05-08T22:45:21.770077+00:00,2025-05-08T22:45:21.926783+00:00,Haas-VF2,HAAS-VF2,1,E981AB9DD6494EC93097EC399F92940C,8
5214D7E123858443EAFEA5A5FA4524E6,gcode.ncode,N70,2025-05-08T22:45:21.815157+00:00,2025-05-08T22:45:21.926893+00:00,Haas-VF2,HAAS-VF2,1,13DF52F4A6D8F4E951161CACF4633DDA,N70
14CB5FA2B1E034702318B66428F4EE5A,spindlespeed,6999.700927734375,2025-05-08T22:45:21.815204+00:00,2025-05-08T22:45:21.926907+00:00,Haas-VF2,HAAS-VF2,1,70E5DFCB0E62CBF43B100427E0671FDA,6999.700927734375
64F16700E9DCC4BFD3774E9DBE81C9F1,load,19,2025-05-08T22:45:22.830741+00:00,2025-05-08T22:45:23.002520+00:00,Haas-VF2,HAAS-VF2,1,E981AB9DD6494EC93097EC399F92940C,19
6A038E205481F528177B38FA0788F868,gcode.ncode,N75,2025-05-08T22:45:22.889214+00:00,2025-05-08T22:45:23.002538+00:00,Haas-VF2,HAAS-VF2,1,13DF52F4A6D8F4E951161CACF4633DDA,N75
30FF191CB2375AA6FD35B9DADF9EF5E6,spindlespeed,6998.6846923828125,2025-05-08T22:45:22.889282+00:00,2025-05-08T22:45:23.002543+00:00,Haas-VF2,HAAS-VF2,1,70E5DFCB0E62CBF43B100427E0671FDA,6998.6846923828125
4E31F61DB70CD3BAD087F2CAD713FEC3,pathfeedrate,105.0,2025-05-08T22:45:22.892113+00:00,2025-05-08T22:45:23.002547+00:00,Haas-VF2,HAAS-VF2,1,0D029646C219F862C033160876BC35A2,105.0
CE48B2F3F44E3F6ABA62C7F79CC5CC11,spindlespeed,6999.2889404296875,2025-05-08T22:45:23.822969+00:00,2025-05-08T22:45:23.930631+00:00,Haas-VF2,HAAS-VF2,1,70E5DFCB0E62CBF43B100427E0671FDA,6999.2889404296875
0CD4F3FFF113AF94AF5E82706E5D1924,load,18,2025-05-08T22:45:24.775114+00:00,2025-05-08T22:45:24.960916+00:00,Haas-VF2,HAAS-VF2,1,E981AB9DD6494EC93097EC399F92940C,18
2DFBB017EA9399B3B22A7698251A170E,gcode.ncode,N80,2025-05-08T22:45:24.815899+00:00,2025-05-08T22:45:24.960940+00:00,Haas-VF2,HAAS-VF2,1,13DF52F4A6D8F4E951161CACF4633DDA,N80
791164AE81CE3722F543A8F437D64E6E,spindlespeed,6999.664306640625,2025-05-08T22:45:24.815971+00:00,2025-05-08T22:45:24.960948+00:00,Haas-VF2,HAAS-VF2,1,70E5DFCB0E62CBF43B100427E0671FDA,6999.664306640625
E91C909C9A020C1F29ADD747995347B2,load,8,2025-05-08T22:45:25.770664+00:00,2025-05-08T22:45:25.942322+00:00,Haas-VF2,HAAS-VF2,1,E981AB9DD6494EC93097EC399F92940C,8
375AC9170CD111DE3144FEFB9C421EDF,spindlespeed,6999.6826171875,2025-05-08T22:45:25.854586+00:00,2025-05-08T22:45:25.942354+00:00,Haas-VF2,HAAS-VF2,1,70E5DFCB0E62CBF43B100427E0671FDA,6999.6826171875
484074F2B842E8A14AE48FD3876F8DD9,load,10,2025-05-08T22:45:26.767944+00:00,2025-05-08T22:45:26.955324+00:00,Haas-VF2,HAAS-VF2,1,E981AB9DD6494EC93097EC399F92940C,10
2C9774D0E535C34966B6C52E0ED320D7,spindlespeed,7000.909423828125,2025-05-08T22:45:26.793037+00:00,2025-05-08T22:45:26.955361+00:00,Haas-VF2,HAAS-VF2,1,70E5DFCB0E62CBF43B100427E0671FDA,7000.909423828125
ADCA27169B78D83BF6A707BF0C1CBAAD,load,18,2025-05-08T22:45:27.782541+00:00,2025-05-08T22:45:27.967460+00:00,Haas-VF2,HAAS-VF2,1,E981AB9DD6494EC93097EC399F92940C,18
0D678AA5093237B91D0EDAFAAB29238F,gcode.ncode,N85,2025-05-08T22:45:27.833009+00:00,2025-05-08T22:45:27.967527+00:00,Haas-VF2,HAAS-VF2,1,13DF52F4A6D8F4E951161CACF4633DDA,N85
D0176A4D758D166BB595245A3B56DA6A,spindlespeed,6999.0875244140625,2025-05-08T22:45:27.833062+00:00,2025-05-08T22:45:27.967543+00:00,Haas-VF2,HAAS-VF2,1,70E5DFCB0E62CBF43B100427E0671FDA,6999.0875244140625
ABD1F8BDF4621D38BBF27B026532D5F4,gcode.ncode,N90,2025-05-08T22:45:28.800865+00:00,2025-05-08T22:45:28.951649+00:00,Haas-VF2,HAAS-VF2,1,13DF52F4A6D8F4E951161CACF4633DDA,N90
E3D3362644F301CC1CDD42E8B8DA9B91,spindlespeed,6999.6734619140625,2025-05-08T22:45:28.800920+00:00,2025-05-08T22:45:28.951681+00:00,Haas-VF2,HAAS-VF2,1,70E5DFCB0E62CBF43B100427E0671FDA,6999.6734619140625
77A637B8EBBD943EE616FE891EDFA35B,spindlespeed,6999.6368408203125,2025-05-08T22:45:29.829166+00:00,2025-05-08T22:45:29.967988+00:00,Haas-VF2,HAAS-VF2,1,70E5DFCB0E62CBF43B100427E0671FDA,6999.6368408203125
A71C44E04F23951A507125E52569B664,load,4,2025-05-08T22:45:30.778494+00:00,2025-05-08T22:45:30.950244+00:00,Haas-VF2,HAAS-VF2,1,E981AB9DD6494EC93097EC399F92940C,4
A25586A038B7290FC1F9FF1FDEC216A6,spindlespeed,6999.7100830078125,2025-05-08T22:45:30.874089+00:00,2025-05-08T22:45:30.950281+00:00,Haas-VF2,HAAS-VF2,1,70E5DFCB0E62CBF43B100427E0671FDA,6999.7100830078125
8D6F4C2DB67004ED32D24100ED163772,pathfeedrate,40.0,2025-05-08T22:45:30.829937+00:00,2025-05-08T22:45:30.950299+00:00,Haas-VF2,HAAS-VF2,1,0D029646C219F862C033160876BC35A2,40.0
54F3E8BC424CE2EAC5E63B5CBCAB2547,load,100,2025-05-08T22:45:31.792855+00:00,2025-05-08T22:45:31.968155+00:00,Haas-VF2,HAAS-VF2,1,E981AB9DD6494EC93097EC399F92940C,100
CA914C2E8FF87B9ECAA5B918D4531277,gcode.ncode,N95,2025-05-08T22:45:31.812131+00:00,2025-05-08T22:45:31.968194+00:00,Haas-VF2,HAAS-VF2,1,13DF52F4A6D8F4E951161CACF4633DDA,N95
4DE9C68133D9DD6F5B35537071BDDF29,spindlespeed,7000.177001953125,2025-05-08T22:45:31.812167+00:00,2025-05-08T22:45:31.968207+00:00,Haas-VF2,HAAS-VF2,1,70E5DFCB0E62CBF43B100427E0671FDA,7000.177001953125
5EEA4E32E81A1614A79B53A818C80C75,load,2,2025-05-08T22:45:32.778515+00:00,2025-05-08T22:45:32.933987+00:00,Haas-VF2,HAAS-VF2,1,E981AB9DD6494EC93097EC399F92940C,2
E54CF5E7FA503C2E97CD4DD3C4C0B6F9,gcode.ncode,N115,2025-05-08T22:45:32.839160+00:00,2025-05-08T22:45:32.934020+00:00,Haas-VF2,HAAS-VF2,1,13DF52F4A6D8F4E951161CACF4633DDA,N115
D2D0467161CE2EB008F471C9A5406FB0,spindlespeed,6999.8565673828125,2025-05-08T22:45:32.839206+00:00,2025-05-08T22:45:32.934032+00:00,Haas-VF2,HAAS-VF2,1,70E5DFCB0E62CBF43B100427E0671FDA,6999.8565673828125
9E87F98A69AD92DC456E9FFACC3461D5,load,0,2025-05-08T22:45:33.775692+00:00,2025-05-08T22:45:33.945273+00:00,Haas-VF2,HAAS-VF2,1,E981AB9DD6494EC93097EC399F92940C,0
99AA43EE6D852C43C5F83A02BF5F9A29,gcode.ncode,N120,2025-05-08T22:45:33.805166+00:00,2025-05-08T22:45:33.945306+00:00,Haas-VF2,HAAS-VF2,1,13DF52F4A6D8F4E951161CACF4633DDA,N120
8A6243F27DDA0D3BCDE881D76C94A9D3,spindlespeed,0.421142578125,2025-05-08T22:45:33.805220+00:00,2025-05-08T22:45:33.945320+00:00,Haas-VF2,HAAS-VF2,1,70E5DFCB0E62CBF43B100427E0671FDA,0.421142578125
BF0035A66838EB2E10B9A5E8EDC20A29,pathfeedrate,0.0,2025-05-08T22:45:33.835382+00:00,2025-05-08T22:45:33.945333+00:00,Haas-VF2,HAAS-VF2,1,0D029646C219F862C033160876BC35A2,0.0
E0D8F3700783D30B6B9322F8F5C5083F,execution,STOPPED,2025-05-08T22:45:34.786926+00:00,2025-05-08T22:45:34.945556+00:00,Haas-VF2,HAAS-VF2,1,44C66283C2F94886BBBEA5BD88C8BF44,STOPPED
E45E3C24B39BB15EA3054FB2F46A144C,partcount,890,2025-05-08T22:45:34.786989+00:00,2025-05-08T22:45:34.945572+00:00,Haas-VF2,HAAS-VF2,1,19888D23893669DE81D5180E6890C4A9,890
D53DE76B8274D0B3E294F3C3DC55CB42,execution,STOPPED,2025-05-08T22:45:44.785833+00:00,2025-05-08T22:45:44.966024+00:00,Haas-VF2,HAAS-VF2,1,44C66283C2F94886BBBEA5BD88C8BF44,STOPPED
FC1870CEB39BC71372943D6E87C147BB,execution,STOPPED,2025-05-08T22:45:54.799068+00:00,2025-05-08T22:45:54.948329+00:00,Haas-VF2,HAAS-VF2,1,44C66283C2F94886BBBEA5BD88C8BF44,STOPPED
570DDD9B3716BD61A4AFA2510E6E1ECE,execution,STOPPED,2025-05-08T22:46:04.908172+00:00,2025-05-08T22:46:05.075570+00:00,Haas-VF2,HAAS-VF2,1,44C66283C2F94886BBBEA5BD88C8BF44,STOPPED
F447BF9F3E824B6B1C658FCD423406A5,gcode.programname,O02500,2025-05-08T22:46:10.816688+00:00,2025-05-08T22:46:10.955419+00:00,Haas-VF2,HAAS-VF2,1,1C73E861C929D618B43B3F1FBB14E072,O02500
0C62431ED032A20AF2DDFFFF1AC0D8CB,execution,ACTIVE,2025-05-08T22:46:10.816620+00:00,2025-05-08T22:46:10.955435+00:00,Haas-VF2,HAAS-VF2,1,44C66283C2F94886BBBEA5BD88C8BF44,ACTIVE
704148933DC81242C0A5B450CC81F31E,toolnumber,171,2025-05-08T22:46:10.891255+00:00,2025-05-08T22:46:10.955440+00:00,Haas-VF2,HAAS-VF2,1,3D38368E6BF777E49AD6E83C69BCF77A,171
36C9912CF5CA9B2127EEE458F524AC8B,gcode.toolSlotId,171,2025-05-08T22:46:10.718080+00:00,2025-05-08T22:46:10.955444+00:00,Haas-VF2,HAAS-VF2,1,36D46A341E521DCDA4E15E05B6E3FF40,171
1EF7721EA0B3DB43AAC8C40267058AA5,load,1,2025-05-08T22:46:11.782424+00:00,2025-05-08T22:46:11.949324+00:00,Haas-VF2,HAAS-VF2,1,E981AB9DD6494EC93097EC399F92940C,1
E89B766DC2577B6EB98D5C9D8FE3A7D5,spindlespeed,6999.755859375,2025-05-08T22:46:11.808302+00:00,2025-05-08T22:46:11.949355+00:00,Haas-VF2,HAAS-VF2,1,70E5DFCB0E62CBF43B100427E0671FDA,6999.755859375
E256DC6211B1BDF6EB4FD1C1DEC6D3E0,load,2,2025-05-08T22:46:12.772865+00:00,2025-05-08T22:46:12.925449+00:00,Haas-VF2,HAAS-VF2,1,E981AB9DD6494EC93097EC399F92940C,2
42E87120EB97F63FC51F02E504B36BF4,gcode.ncode,N55,2025-05-08T22:46:12.800742+00:00,2025-05-08T22:46:12.925474+00:00,Haas-VF2,HAAS-VF2,1,13DF52F4A6D8F4E951161CACF4633DDA,N55
7679796921F7310CD949A16896442594,spindlespeed,6999.6551513671875,2025-05-08T22:46:12.800809+00:00,2025-05-08T22:46:12.925482+00:00,Haas-VF2,HAAS-VF2,1,70E5DFCB0E62CBF43B100427E0671FDA,6999.6551513671875
9F0D6AB3237019E347EFD9B20ED0BED9,pathfeedrate,40.0,2025-05-08T22:46:12.828957+00:00,2025-05-08T22:46:12.925490+00:00,Haas-VF2,HAAS-VF2,1,0D029646C219F862C033160876BC35A2,40.0
C8626F753FAFE99A8D73CFD781BE9919,load,9,2025-05-08T22:46:13.775862+00:00,2025-05-08T22:46:13.932290+00:00,Haas-VF2,HAAS-VF2,1,E981AB9DD6494EC93097EC399F92940C,9
276ACD414DF169C1F3EFE7408F9A60BD,gcode.ncode,N70,2025-05-08T22:46:13.791208+00:00,2025-05-08T22:46:13.932307+00:00,Haas-VF2,HAAS-VF2,1,13DF52F4A6D8F4E951161CACF4633DDA,N70
0E5A01F231D25BDDEEAD4CFA67969681,spindlespeed,6999.7467041015625,2025-05-08T22:46:13.791254+00:00,2025-05-08T22:46:13.932313+00:00,Haas-VF2,HAAS-VF2,1,70E5DFCB0E62CBF43B100427E0671FDA,6999.7467041015625
15B4FB6BD8D78B0D2DAC82319C3996CF,load,19,2025-05-08T22:46:14.775459+00:00,2025-05-08T22:46:14.945628+00:00,Haas-VF2,HAAS-VF2,1,E981AB9DD6494EC93097EC399F92940C,19
3A565EC7F094D51AD6B17DBA72E47CB2,gcode.ncode,N75,2025-05-08T22:46:14.815624+00:00,2025-05-08T22:46:14.945647+00:00,Haas-VF2,HAAS-VF2,1,13DF52F4A6D8F4E951161CACF4633DDA,N75
C4A0DB3DF854FB8A45FE547C17D22E1D,spindlespeed,6999.0325927734375,2025-05-08T22:46:14.815675+00:00,2025-05-08T22:46:14.945654+00:00,Haas-VF2,HAAS-VF2,1,70E5DFCB0E62CBF43B100427E0671FDA,6999.0325927734375
BD94EE96E0ECEE33206C45E8FABBDC56,pathfeedrate,105.0,2025-05-08T22:46:14.835466+00:00,2025-05-08T22:46:14.945658+00:00,Haas-VF2,HAAS-VF2,1,0D029646C219F862C033160876BC35A2,105.0
19A7B4B191F8A09D7625570AD62EABE8,load,18,2025-05-08T22:46:15.784844+00:00,2025-05-08T22:46:15.942922+00:00,Haas-VF2,HAAS-VF2,1,E981AB9DD6494EC93097EC399F92940C,18
E999259B2B5F46C2C753190D140A56DF,gcode.ncode,N80,2025-05-08T22:46:15.805584+00:00,2025-05-08T22:46:15.942941+00:00,Haas-VF2,HAAS-VF2,1,13DF52F4A6D8F4E951161CACF4633DDA,N80
2A8C58F000495A88938FDC353D4BE5CB,spindlespeed,6997.869873046875,2025-05-08T22:46:15.805656+00:00,2025-05-08T22:46:15.942953+00:00,Haas-VF2,HAAS-VF2,1,70E5DFCB0E62CBF43B100427E0671FDA,6997.869873046875
02A1F127A0C34A2C419BEA7ED47A5BA7,spindlespeed,6999.774169921875,2025-05-08T22:46:16.827957+00:00,2025-05-08T22:46:16.938438+00:00,Haas-VF2,HAAS-VF2,1,70E5DFCB0E62CBF43B100427E0671FDA,6999.774169921875
A8050542A5B959C15E08E48135E3F2C4,load,5,2025-05-08T22:46:17.777964+00:00,2025-05-08T22:46:17.934123+00:00,Haas-VF2,HAAS-VF2,1,E981AB9DD6494EC93097EC399F92940C,5
3AACD13C292FEA9DA6DFB0D688D3A44D,spindlespeed,6999.6734619140625,2025-05-08T22:46:17.815461+00:00,2025-05-08T22:46:17.934174+00:00,Haas-VF2,HAAS-VF2,1,70E5DFCB0E62CBF43B100427E0671FDA,6999.6734619140625
49D78CD36A1FECAE3B0EE08709C8563E,load,17,2025-05-08T22:46:18.772353+00:00,2025-05-08T22:46:18.913368+00:00,Haas-VF2,HAAS-VF2,1,E981AB9DD6494EC93097EC399F92940C,17
97802C5BB93EE79491E773143E43B4F5,gcode.ncode,N85,2025-05-08T22:46:18.837762+00:00,2025-05-08T22:46:18.913385+00:00,Haas-VF2,HAAS-VF2,1,13DF52F4A6D8F4E951161CACF4633DDA,N85
A9709B84B50A63DF4DE083491AC8937E,spindlespeed,7001.07421875,2025-05-08T22:46:18.837814+00:00,2025-05-08T22:46:18.913390+00:00,Haas-VF2,HAAS-VF2,1,70E5DFCB0E62CBF43B100427E0671FDA,7001.07421875
D1808EFA9A7EAC6DC87527860E3E4DA5,load,18,2025-05-08T22:46:19.769722+00:00,2025-05-08T22:46:19.923996+00:00,Haas-VF2,HAAS-VF2,1,E981AB9DD6494EC93097EC399F92940C,18
60AFB12952E08DC09ECF323B7E544272,gcode.ncode,N90,2025-05-08T22:46:19.807354+00:00,2025-05-08T22:46:19.924021+00:00,Haas-VF2,HAAS-VF2,1,13DF52F4A6D8F4E951161CACF4633DDA,N90
CA60381E3FA92CE138406FF4FEC4AAF2,spindlespeed,6998.84033203125,2025-05-08T22:46:19.807428+00:00,2025-05-08T22:46:19.924030+00:00,Haas-VF2,HAAS-VF2,1,70E5DFCB0E62CBF43B100427E0671FDA,6998.84033203125
B7D937C7F81B7190D1D4E595D6259B74,spindlespeed,6999.774169921875,2025-05-08T22:46:20.872160+00:00,2025-05-08T22:46:20.964247+00:00,Haas-VF2,HAAS-VF2,1,70E5DFCB0E62CBF43B100427E0671FDA,6999.774169921875
6168609F87BE631258182BC154BCFC02,load,12,2025-05-08T22:46:21.777164+00:00,2025-05-08T22:46:21.947308+00:00,Haas-VF2,HAAS-VF2,1,E981AB9DD6494EC93097EC399F92940C,12
D8CC1444B31AEC5EE6468F6D641337D9,spindlespeed,6999.7650146484375,2025-05-08T22:46:21.797436+00:00,2025-05-08T22:46:21.947346+00:00,Haas-VF2,HAAS-VF2,1,70E5DFCB0E62CBF43B100427E0671FDA,6999.7650146484375
2EAF3C76229CF264533EA9E180F5FEEE,load,3,2025-05-08T22:46:22.771187+00:00,2025-05-08T22:46:22.927738+00:00,Haas-VF2,HAAS-VF2,1,E981AB9DD6494EC93097EC399F92940C,3
DD4BEB979F066FB4AC41B96C3ABB3130,spindlespeed,6999.6551513671875,2025-05-08T22:46:22.797562+00:00,2025-05-08T22:46:22.927825+00:00,Haas-VF2,HAAS-VF2,1,70E5DFCB0E62CBF43B100427E0671FDA,6999.6551513671875
2A9BBAF18B7E965E1BB9F5B4D2A95C7E,pathfeedrate,40.0,2025-05-08T22:46:22.818491+00:00,2025-05-08T22:46:22.927859+00:00,Haas-VF2,HAAS-VF2,1,0D029646C219F862C033160876BC35A2,40.0
4820F3E9E1F3C72C06ECD60D703947AE,load,8,2025-05-08T22:46:23.770244+00:00,2025-05-08T22:46:23.925749+00:00,Haas-VF2,HAAS-VF2,1,E981AB9DD6494EC93097EC399F92940C,8
1950E0E0A476C4DE4D396B99329B9EA8,gcode.ncode,N95,2025-05-08T22:46:23.843297+00:00,2025-05-08T22:46:23.925781+00:00,Haas-VF2,HAAS-VF2,1,13DF52F4A6D8F4E951161CACF4633DDA,N95
E9BF05E10060A54E2246A6A29751DB51,spindlespeed,7000.341796875,2025-05-08T22:46:23.843343+00:00,2025-05-08T22:46:23.925793+00:00,Haas-VF2,HAAS-VF2,1,70E5DFCB0E62CBF43B100427E0671FDA,7000.341796875
AE05B201322C42CBA5DD81FE24B50F7B,load,171,2025-05-08T22:46:24.782393+00:00,2025-05-08T22:46:24.889502+00:00,Haas-VF2,HAAS-VF2,1,E981AB9DD6494EC93097EC399F92940C,171
E09BCE0B4033D9F5A26B4E21A2DDE4E1,gcode.ncode,N115,2025-05-08T22:46:24.877274+00:00,2025-05-08T22:46:24.889533+00:00,Haas-VF2,HAAS-VF2,1,13DF52F4A6D8F4E951161CACF4633DDA,N115
199B71089BD7B25E91EF00CB89114361,spindlespeed,4650.6683349609375,2025-05-08T22:46:24.877345+00:00,2025-05-08T22:46:24.889541+00:00,Haas-VF2,HAAS-VF2,1,70E5DFCB0E62CBF43B100427E0671FDA,4650.6683349609375
F0328F6AF40C582DBE1ADB8340A6EC93,pathfeedrate,2.0,2025-05-08T22:46:24.792810+00:00,2025-05-08T22:46:24.889547+00:00,Haas-VF2,HAAS-VF2,1,0D029646C219F862C033160876BC35A2,2.0
52A6F7C1F1A79F56D15D40C8436F8A5C,gcode.ncode,N120,2025-05-08T22:46:25.790232+00:00,2025-05-08T22:46:25.900449+00:00,Haas-VF2,HAAS-VF2,1,13DF52F4A6D8F4E951161CACF4633DDA,N120
1706236C90769D63D563962E8DB97CC5,spindlespeed,0.3387451171875,2025-05-08T22:46:25.790287+00:00,2025-05-08T22:46:25.900472+00:00,Haas-VF2,HAAS-VF2,1,70E5DFCB0E62CBF43B100427E0671FDA,0.3387451171875
8E74C11500429D923BE4C889A6C258F9,pathfeedrate,0.0,2025-05-08T22:46:25.776412+00:00,2025-05-08T22:46:25.900480+00:00,Haas-VF2,HAAS-VF2,1,0D029646C219F862C033160876BC35A2,0.0
5C76F60CDC646841910F27F17D5547C9,execution,STOPPED,2025-05-08T22:46:26.812766+00:00,2025-05-08T22:46:26.942331+00:00,Haas-VF2,HAAS-VF2,1,44C66283C2F94886BBBEA5BD88C8BF44,STOPPED
E9E1983EC0781A5969A6F78A06CDE439,partcount,891,2025-05-08T22:46:26.812861+00:00,2025-05-08T22:46:26.942359+00:00,Haas-VF2,HAAS-VF2,1,19888D23893669DE81D5180E6890C4A9,891
5837CBD1AE8B2A541318446C853D5B60,execution,STOPPED,2025-05-08T22:46:36.848176+00:00,2025-05-08T22:46:36.944718+00:00,Haas-VF2,HAAS-VF2,1,44C66283C2F94886BBBEA5BD88C8BF44,STOPPED
6863E845CCC3F758F38090128C006315,gcode.programname,O02500,2025-05-08T22:46:38.789438+00:00,2025-05-08T22:46:38.935136+00:00,Haas-VF2,HAAS-VF2,1,1C73E861C929D618B43B3F1FBB14E072,O02500
A099B445716BF66C4D7B5B99D9A29619,execution,ACTIVE,2025-05-08T22:46:38.789365+00:00,2025-05-08T22:46:38.935152+00:00,Haas-VF2,HAAS-VF2,1,44C66283C2F94886BBBEA5BD88C8BF44,ACTIVE
56BFC58608F9B9F8E96555C9660DE080,toolnumber,171,2025-05-08T22:46:38.885375+00:00,2025-05-08T22:46:38.935157+00:00,Haas-VF2,HAAS-VF2,1,3D38368E6BF777E49AD6E83C69BCF77A,171
A83A323185039698E1C7E9EED3D5C06C,gcode.toolSlotId,171,2025-05-08T22:46:38.718074+00:00,2025-05-08T22:46:38.935161+00:00,Haas-VF2,HAAS-VF2,1,36D46A341E521DCDA4E15E05B6E3FF40,171
536790F24932F715983F13CBB87E6A02,spindlespeed,6999.7100830078125,2025-05-08T22:46:39.828585+00:00,2025-05-08T22:46:39.928644+00:00,Haas-VF2,HAAS-VF2,1,70E5DFCB0E62CBF43B100427E0671FDA,6999.7100830078125
68A0AA2AB129786E3FC70A4C337907F0,gcode.ncode,N60,2025-05-08T22:46:40.808358+00:00,2025-05-08T22:46:40.950829+00:00,Haas-VF2,HAAS-VF2,1,13DF52F4A6D8F4E951161CACF4633DDA,N60
B77AB2C633698784A22322FCA146492A,spindlespeed,6999.407958984375,2025-05-08T22:46:40.808407+00:00,2025-05-08T22:46:40.950853+00:00,Haas-VF2,HAAS-VF2,1,70E5DFCB0E62CBF43B100427E0671FDA,6999.407958984375
64863C4185EFE6C01B16DE6F20408832,pathfeedrate,40.0,2025-05-08T22:46:40.835288+00:00,2025-05-08T22:46:40.950862+00:00,Haas-VF2,HAAS-VF2,1,0D029646C219F862C033160876BC35A2,40.0
D455C31FE1029E84C0854E25F0DAE451,load,10,2025-05-08T22:46:41.769016+00:00,2025-05-08T22:46:41.942440+00:00,Haas-VF2,HAAS-VF2,1,E981AB9DD6494EC93097EC399F92940C,10
BECB52AD9BC1D6228E2F619D3F3A17B4,gcode.ncode,N75,2025-05-08T22:46:41.812468+00:00,2025-05-08T22:46:41.942464+00:00,Haas-VF2,HAAS-VF2,1,13DF52F4A6D8F4E951161CACF4633DDA,N75
1E8DE5FC782CA340222153F53341170B,spindlespeed,6999.334716796875,2025-05-08T22:46:41.812531+00:00,2025-05-08T22:46:41.942471+00:00,Haas-VF2,HAAS-VF2,1,70E5DFCB0E62CBF43B100427E0671FDA,6999.334716796875
E09A309CE6DAA20D961A549EB8FF3005,load,19,2025-05-08T22:46:42.781801+00:00,2025-05-08T22:46:42.939446+00:00,Haas-VF2,HAAS-VF2,1,E981AB9DD6494EC93097EC399F92940C,19
6A859278145E120D3860939AE719803B,spindlespeed,6999.261474609375,2025-05-08T22:46:42.818416+00:00,2025-05-08T22:46:42.939479+00:00,Haas-VF2,HAAS-VF2,1,70E5DFCB0E62CBF43B100427E0671FDA,6999.261474609375
46AF4D74E28D2D75B3A324BC0FA63069,pathfeedrate,105.0,2025-05-08T22:46:42.842807+00:00,2025-05-08T22:46:42.939489+00:00,Haas-VF2,HAAS-VF2,1,0D029646C219F862C033160876BC35A2,105.0
81E598C221EF2E44B6AD6B50D651D33A,gcode.ncode,N80,2025-05-08T22:46:43.812313+00:00,2025-05-08T22:46:43.949620+00:00,Haas-VF2,HAAS-VF2,1,13DF52F4A6D8F4E951161CACF4633DDA,N80
AADAE11C7CAC1C196B2134AE702A7182,spindlespeed,6999.554443359375,2025-05-08T22:46:43.812378+00:00,2025-05-08T22:46:43.949653+00:00,Haas-VF2,HAAS-VF2,1,70E5DFCB0E62CBF43B100427E0671FDA,6999.554443359375
5DA0E7AD3C1FD86A2C5A6C828DB4F190,load,18,2025-05-08T22:46:44.776578+00:00,2025-05-08T22:46:44.952204+00:00,Haas-VF2,HAAS-VF2,1,E981AB9DD6494EC93097EC399F92940C,18
C3CFA4DBD60A7979D8C43F43A3A49BD6,spindlespeed,6999.71923828125,2025-05-08T22:46:44.790473+00:00,2025-05-08T22:46:44.952230+00:00,Haas-VF2,HAAS-VF2,1,70E5DFCB0E62CBF43B100427E0671FDA,6999.71923828125
422669FB5403CA8B7FF80563B992BC47,load,4,2025-05-08T22:46:45.770276+00:00,2025-05-08T22:46:45.926524+00:00,Haas-VF2,HAAS-VF2,1,E981AB9DD6494EC93097EC399F92940C,4
B616882A21F95186445F581C1BEDEC14,spindlespeed,6999.7467041015625,2025-05-08T22:46:45.803076+00:00,2025-05-08T22:46:45.926547+00:00,Haas-VF2,HAAS-VF2,1,70E5DFCB0E62CBF43B100427E0671FDA,6999.7467041015625
3F0F71819A3E6E816633EF6E8846193B,load,18,2025-05-08T22:46:46.781203+00:00,2025-05-08T22:46:46.964564+00:00,Haas-VF2,HAAS-VF2,1,E981AB9DD6494EC93097EC399F92940C,18
D982FF74D4A4BD2134FE353A758F1ED4,spindlespeed,7001.6876220703125,2025-05-08T22:46:46.841251+00:00,2025-05-08T22:46:46.964588+00:00,Haas-VF2,HAAS-VF2,1,70E5DFCB0E62CBF43B100427E0671FDA,7001.6876220703125
34C1492BD57D990BA336F3EFE6F14240,gcode.ncode,N90,2025-05-08T22:46:47.812115+00:00,2025-05-08T22:46:47.944789+00:00,Haas-VF2,HAAS-VF2,1,13DF52F4A6D8F4E951161CACF4633DDA,N90
697FA4A76B7E59C8973CB724750ED040,spindlespeed,6996.7437744140625,2025-05-08T22:46:47.812166+00:00,2025-05-08T22:46:47.944811+00:00,Haas-VF2,HAAS-VF2,1,70E5DFCB0E62CBF43B100427E0671FDA,6996.7437744140625
9783E77A8D865918F405CE9A49CCD172,load,17,2025-05-08T22:46:48.773478+00:00,2025-05-08T22:46:48.939898+00:00,Haas-VF2,HAAS-VF2,1,E981AB9DD6494EC93097EC399F92940C,17
5EEC2A232A31686B5358313F165F5E80,spindlespeed,6999.71923828125,2025-05-08T22:46:48.881288+00:00,2025-05-08T22:46:48.939921+00:00,Haas-VF2,HAAS-VF2,1,70E5DFCB0E62CBF43B100427E0671FDA,6999.71923828125
E6C52812DA00CD69D78971F0ECFE26A9,load,11,2025-05-08T22:46:49.773819+00:00,2025-05-08T22:46:49.956346+00:00,Haas-VF2,HAAS-VF2,1,E981AB9DD6494EC93097EC399F92940C,11
B61AB4612607BA4D7C71C32B9C3FE352,spindlespeed,6999.6734619140625,2025-05-08T22:46:49.794080+00:00,2025-05-08T22:46:49.956368+00:00,Haas-VF2,HAAS-VF2,1,70E5DFCB0E62CBF43B100427E0671FDA,6999.6734619140625
C57FB9AC07884D0C3E85073DA4D9F020,load,3,2025-05-08T22:46:50.770526+00:00,2025-05-08T22:46:50.939794+00:00,Haas-VF2,HAAS-VF2,1,E981AB9DD6494EC93097EC399F92940C,3
0E7CF4AECDA01B1731698B427E8F6A9E,spindlespeed,7002.5482177734375,2025-05-08T22:46:50.813955+00:00,2025-05-08T22:46:50.939812+00:00,Haas-VF2,HAAS-VF2,1,70E5DFCB0E62CBF43B100427E0671FDA,7002.5482177734375
2F7809C65C0664E727F6DF174A79E100,pathfeedrate,40.0,2025-05-08T22:46:50.830637+00:00,2025-05-08T22:46:50.939818+00:00,Haas-VF2,HAAS-VF2,1,0D029646C219F862C033160876BC35A2,40.0
91388DAB3557449701FB91F53208B3DC,load,5,2025-05-08T22:46:51.780004+00:00,2025-05-08T22:46:51.962846+00:00,Haas-VF2,HAAS-VF2,1,E981AB9DD6494EC93097EC399F92940C,5
3B93E4558394E761001DCE877C0FB4AA,gcode.ncode,N115,2025-05-08T22:46:51.816612+00:00,2025-05-08T22:46:51.962870+00:00,Haas-VF2,HAAS-VF2,1,13DF52F4A6D8F4E951161CACF4633DDA,N115
6585499BDE495C2F138776A5AFEA56A2,spindlespeed,6999.7467041015625,2025-05-08T22:46:51.816694+00:00,2025-05-08T22:46:51.962879+00:00,Haas-VF2,HAAS-VF2,1,70E5DFCB0E62CBF43B100427E0671FDA,6999.7467041015625
1EA360E6A003EBCAB8650FA344587ECC,load,2,2025-05-08T22:46:52.773516+00:00,2025-05-08T22:46:52.944282+00:00,Haas-VF2,HAAS-VF2,1,E981AB9DD6494EC93097EC399F92940C,2
D1D954301AB497FDE540C740CC012E40,gcode.ncode,N120,2025-05-08T22:46:52.850700+00:00,2025-05-08T22:46:52.944303+00:00,Haas-VF2,HAAS-VF2,1,13DF52F4A6D8F4E951161CACF4633DDA,N120
3BBD66060384F39703108BB30E4CAF89,spindlespeed,0.201416015625,2025-05-08T22:46:52.850759+00:00,2025-05-08T22:46:52.944309+00:00,Haas-VF2,HAAS-VF2,1,70E5DFCB0E62CBF43B100427E0671FDA,0.201416015625
70B45E19C70CBE03283226B72655C390,pathfeedrate,0.0,2025-05-08T22:46:52.822832+00:00,2025-05-08T22:46:52.944313+00:00,Haas-VF2,HAAS-VF2,1,0D029646C219F862C033160876BC35A2,0.0
B29490595859982D17BE87D3A4C69A91,load,0,2025-05-08T22:46:53.774078+00:00,2025-05-08T22:46:53.929242+00:00,Haas-VF2,HAAS-VF2,1,E981AB9DD6494EC93097EC399F92940C,0
A02BFA4A2F558459F10F37DC5A7DF88A,spindlespeed,0.3387451171875,2025-05-08T22:46:53.793086+00:00,2025-05-08T22:46:53.929290+00:00,Haas-VF2,HAAS-VF2,1,70E5DFCB0E62CBF43B100427E0671FDA,0.3387451171875
C8882FC637A060991FA6F936168A5395,execution,STOPPED,2025-05-08T22:46:54.800997+00:00,2025-05-08T22:46:54.963091+00:00,Haas-VF2,HAAS-VF2,1,44C66283C2F94886BBBEA5BD88C8BF44,STOPPED
E318DD5F198F0A396A6616E6F28C53D0,partcount,892,2025-05-08T22:46:54.801084+00:00,2025-05-08T22:46:54.963110+00:00,Haas-VF2,HAAS-VF2,1,19888D23893669DE81D5180E6890C4A9,892
DE52DFCF4A1E7D57836437880FB04121,execution,STOPPED,2025-05-08T22:47:04.801907+00:00,2025-05-08T22:47:04.929367+00:00,Haas-VF2,HAAS-VF2,1,44C66283C2F94886BBBEA5BD88C8BF44,STOPPED
D0D9B3F503CF3D81DABC8710CC7A78FB,execution,STOPPED,2025-05-08T22:47:14.791073+00:00,2025-05-08T22:47:14.932588+00:00,Haas-VF2,HAAS-VF2,1,44C66283C2F94886BBBEA5BD88C8BF44,STOPPED
5001E735D0FD793E3AD16CD80D27480F,gcode.programname,O02500,2025-05-08T22:47:18.872750+00:00,2025-05-08T22:47:18.998163+00:00,Haas-VF2,HAAS-VF2,1,1C73E861C929D618B43B3F1FBB14E072,O02500
F6AA32AC91B3B35F31161712ECB02713,execution,ACTIVE,2025-05-08T22:47:18.872661+00:00,2025-05-08T22:47:18.998188+00:00,Haas-VF2,HAAS-VF2,1,44C66283C2F94886BBBEA5BD88C8BF44,ACTIVE
B2C5664955DDB52BC28AEC3776880FE4,toolnumber,171,2025-05-08T22:47:18.930207+00:00,2025-05-08T22:47:18.998195+00:00,Haas-VF2,HAAS-VF2,1,3D38368E6BF777E49AD6E83C69BCF77A,171
15113F65C4EF45857BA7DF71A27650ED,gcode.toolSlotId,171,2025-05-08T22:47:18.718055+00:00,2025-05-08T22:47:18.998201+00:00,Haas-VF2,HAAS-VF2,1,36D46A341E521DCDA4E15E05B6E3FF40,171
EDB6C9D38231E4C99E1AAD16D635FF6D,load,3,2025-05-08T22:47:19.777891+00:00,2025-05-08T22:47:19.985766+00:00,Haas-VF2,HAAS-VF2,1,E981AB9DD6494EC93097EC399F92940C,3
7AA81F341CAFA43867AAEB1900D2F3AE,spindlespeed,6999.7467041015625,2025-05-08T22:47:19.860761+00:00,2025-05-08T22:47:19.985817+00:00,Haas-VF2,HAAS-VF2,1,70E5DFCB0E62CBF43B100427E0671FDA,6999.7467041015625
64704DD1B895FFBDBC63C93C9508E4A8,gcode.ncode,N55,2025-05-08T22:47:20.825407+00:00,2025-05-08T22:47:20.999315+00:00,Haas-VF2,HAAS-VF2,1,13DF52F4A6D8F4E951161CACF4633DDA,N55
AF4CD7A75AB4904CF945939FC585719D,spindlespeed,6999.7650146484375,2025-05-08T22:47:20.825465+00:00,2025-05-08T22:47:20.999350+00:00,Haas-VF2,HAAS-VF2,1,70E5DFCB0E62CBF43B100427E0671FDA,6999.7650146484375
AA6EEFEE6D868E7738C39F8D65BBEF74,pathfeedrate,40.0,2025-05-08T22:47:20.868605+00:00,2025-05-08T22:47:20.999362+00:00,Haas-VF2,HAAS-VF2,1,0D029646C219F862C033160876BC35A2,40.0
F99860B8E74354CE90E900333DF04A3A,load,10,2025-05-08T22:47:21.773215+00:00,2025-05-08T22:47:21.936198+00:00,Haas-VF2,HAAS-VF2,1,E981AB9DD6494EC93097EC399F92940C,10
152CABCFAC6B79A1523389DE1A7FB51E,gcode.ncode,N75,2025-05-08T22:47:21.803703+00:00,2025-05-08T22:47:21.936221+00:00,Haas-VF2,HAAS-VF2,1,13DF52F4A6D8F4E951161CACF4633DDA,N75
EC2F52CD447FF48A1309200797721918,spindlespeed,6999.7100830078125,2025-05-08T22:47:21.803780+00:00,2025-05-08T22:47:21.936228+00:00,Haas-VF2,HAAS-VF2,1,70E5DFCB0E62CBF43B100427E0671FDA,6999.7100830078125
B050A3A8C446EF677E2D3B0446C3A6F6,load,19,2025-05-08T22:47:22.783014+00:00,2025-05-08T22:47:22.949956+00:00,Haas-VF2,HAAS-VF2,1,E981AB9DD6494EC93097EC399F92940C,19
95BA0FD3C08E08A8E1F1D3CCDE5D48E9,spindlespeed,6999.0509033203125,2025-05-08T22:47:22.798338+00:00,2025-05-08T22:47:22.949982+00:00,Haas-VF2,HAAS-VF2,1,70E5DFCB0E62CBF43B100427E0671FDA,6999.0509033203125
E64699B04696DE30D3837CD093C56FD0,pathfeedrate,105.0,2025-05-08T22:47:22.841223+00:00,2025-05-08T22:47:22.949989+00:00,Haas-VF2,HAAS-VF2,1,0D029646C219F862C033160876BC35A2,105.0
3CD21D8ED801735554B747448E0A5BED,load,18,2025-05-08T22:47:23.783009+00:00,2025-05-08T22:47:23.969639+00:00,Haas-VF2,HAAS-VF2,1,E981AB9DD6494EC93097EC399F92940C,18
4D2A404920F825901C5ACCA278340BDE,gcode.ncode,N80,2025-05-08T22:47:23.804624+00:00,2025-05-08T22:47:23.969662+00:00,Haas-VF2,HAAS-VF2,1,13DF52F4A6D8F4E951161CACF4633DDA,N80
CDDAC76449CFFA99840EA3BA91236B05,spindlespeed,6999.481201171875,2025-05-08T22:47:23.804667+00:00,2025-05-08T22:47:23.969669+00:00,Haas-VF2,HAAS-VF2,1,70E5DFCB0E62CBF43B100427E0671FDA,6999.481201171875
CDE3A67FBC18F96129F97A18EE2F2F18,spindlespeed,6999.664306640625,2025-05-08T22:47:24.793835+00:00,2025-05-08T22:47:24.965481+00:00,Haas-VF2,HAAS-VF2,1,70E5DFCB0E62CBF43B100427E0671FDA,6999.664306640625
F7D1D897786E4A64BEA3050DEA3F81F7,load,4,2025-05-08T22:47:25.776703+00:00,2025-05-08T22:47:25.934028+00:00,Haas-VF2,HAAS-VF2,1,E981AB9DD6494EC93097EC399F92940C,4
059377E4BEFB7A894A6EB6FA6DBB48BA,spindlespeed,6999.774169921875,2025-05-08T22:47:25.792693+00:00,2025-05-08T22:47:25.934079+00:00,Haas-VF2,HAAS-VF2,1,70E5DFCB0E62CBF43B100427E0671FDA,6999.774169921875
7B181B68A059ED514293A0CB1874B3BC,load,18,2025-05-08T22:47:26.778420+00:00,2025-05-08T22:47:26.957892+00:00,Haas-VF2,HAAS-VF2,1,E981AB9DD6494EC93097EC399F92940C,18
9EAFBEEDA7D0B94FE78650D1C361EF45,gcode.ncode,N85,2025-05-08T22:47:26.802588+00:00,2025-05-08T22:47:26.957916+00:00,Haas-VF2,HAAS-VF2,1,13DF52F4A6D8F4E951161CACF4633DDA,N85
5E325F5419F751FEDF46B438389E7DF5,spindlespeed,7000.23193359375,2025-05-08T22:47:26.802650+00:00,2025-05-08T22:47:26.957924+00:00,Haas-VF2,HAAS-VF2,1,70E5DFCB0E62CBF43B100427E0671FDA,7000.23193359375
853247599FDEB8D6F2A9AAA3BA44F5AC,gcode.ncode,N90,2025-05-08T22:47:27.820865+00:00,2025-05-08T22:47:27.939331+00:00,Haas-VF2,HAAS-VF2,1,13DF52F4A6D8F4E951161CACF4633DDA,N90
0A87A2946E7E0E92C4ACD4843547B6BF,spindlespeed,6999.1607666015625,2025-05-08T22:47:27.820949+00:00,2025-05-08T22:47:27.939348+00:00,Haas-VF2,HAAS-VF2,1,70E5DFCB0E62CBF43B100427E0671FDA,6999.1607666015625
BC8F5D431225EE6A885F0C765B1BB71D,load,17,2025-05-08T22:47:28.765725+00:00,2025-05-08T22:47:28.916546+00:00,Haas-VF2,HAAS-VF2,1,E981AB9DD6494EC93097EC399F92940C,17
A2B6A09B6FB77D26C97D2419D4C93C51,spindlespeed,6999.6551513671875,2025-05-08T22:47:28.817364+00:00,2025-05-08T22:47:28.916571+00:00,Haas-VF2,HAAS-VF2,1,70E5DFCB0E62CBF43B100427E0671FDA,6999.6551513671875
ECD33F2EF09B339F8694AA96603CCAE4,load,7,2025-05-08T22:47:29.780904+00:00,2025-05-08T22:47:29.945849+00:00,Haas-VF2,HAAS-VF2,1,E981AB9DD6494EC93097EC399F92940C,7
F994B8A4FAF48BAE86FA043A3E7D58CD,spindlespeed,6999.7283935546875,2025-05-08T22:47:29.809337+00:00,2025-05-08T22:47:29.945875+00:00,Haas-VF2,HAAS-VF2,1,70E5DFCB0E62CBF43B100427E0671FDA,6999.7283935546875
408EED899DC79198A8F79730D889D166,load,3,2025-05-08T22:47:30.776652+00:00,2025-05-08T22:47:30.943920+00:00,Haas-VF2,HAAS-VF2,1,E981AB9DD6494EC93097EC399F92940C,3
CEC75B548C00A80F1572C8DC64B651FF,spindlespeed,7001.1016845703125,2025-05-08T22:47:30.802518+00:00,2025-05-08T22:47:30.943947+00:00,Haas-VF2,HAAS-VF2,1,70E5DFCB0E62CBF43B100427E0671FDA,7001.1016845703125
E9869A9F68B02D763E83C028036689A3,pathfeedrate,40.0,2025-05-08T22:47:30.833962+00:00,2025-05-08T22:47:30.943954+00:00,Haas-VF2,HAAS-VF2,1,0D029646C219F862C033160876BC35A2,40.0
E87538F54E1FB2389AA0D98013A46945,load,6,2025-05-08T22:47:31.767678+00:00,2025-05-08T22:47:31.935590+00:00,Haas-VF2,HAAS-VF2,1,E981AB9DD6494EC93097EC399F92940C,6
6EEC712A869435362A8E9DBC997135C4,gcode.ncode,N95,2025-05-08T22:47:31.810240+00:00,2025-05-08T22:47:31.935612+00:00,Haas-VF2,HAAS-VF2,1,13DF52F4A6D8F4E951161CACF4633DDA,N95
8BF18B683085C92AE5A9A9024CCB9871,spindlespeed,7000.08544921875,2025-05-08T22:47:31.810311+00:00,2025-05-08T22:47:31.935620+00:00,Haas-VF2,HAAS-VF2,1,70E5DFCB0E62CBF43B100427E0671FDA,7000.08544921875
619365AE2449C6E9A097A570E051BC2D,load,2,2025-05-08T22:47:32.780827+00:00,2025-05-08T22:47:32.964197+00:00,Haas-VF2,HAAS-VF2,1,E981AB9DD6494EC93097EC399F92940C,2
80B523847679440695A99096B70F067E,gcode.ncode,N115,2025-05-08T22:47:32.803477+00:00,2025-05-08T22:47:32.964217+00:00,Haas-VF2,HAAS-VF2,1,13DF52F4A6D8F4E951161CACF4633DDA,N115
1D8D483AA3567393E4F07A75D1D4C456,spindlespeed,132.2021484375,2025-05-08T22:47:32.803528+00:00,2025-05-08T22:47:32.964223+00:00,Haas-VF2,HAAS-VF2,1,70E5DFCB0E62CBF43B100427E0671FDA,132.2021484375
55614628C9701E209606040E8C2E0BC1,pathfeedrate,0.0,2025-05-08T22:47:32.842608+00:00,2025-05-08T22:47:32.964227+00:00,Haas-VF2,HAAS-VF2,1,0D029646C219F862C033160876BC35A2,0.0
883314ECBD4008F4D0455276F83992BE,execution,STOPPED,2025-05-08T22:47:33.791019+00:00,2025-05-08T22:47:33.958069+00:00,Haas-VF2,HAAS-VF2,1,44C66283C2F94886BBBEA5BD88C8BF44,STOPPED
A728945D025DDF0DD6CE7FCB7CF0B401,partcount,893,2025-05-08T22:47:33.791126+00:00,2025-05-08T22:47:33.958094+00:00,Haas-VF2,HAAS-VF2,1,19888D23893669DE81D5180E6890C4A9,893
0C0CD6BE8FEE80B68DDD77C0954FB36B,execution,STOPPED,2025-05-08T22:47:43.788231+00:00,2025-05-08T22:47:43.941107+00:00,Haas-VF2,HAAS-VF2,1,44C66283C2F94886BBBEA5BD88C8BF44,STOPPED
CB89B21A071F5940C35AE377FDF64045,execution,STOPPED,2025-05-08T22:47:53.795250+00:00,2025-05-08T22:47:53.943972+00:00,Haas-VF2,HAAS-VF2,1,44C66283C2F94886BBBEA5BD88C8BF44,STOPPED
7940A642BD10451C686229C7F1CDB8FF,execution,STOPPED,2025-05-08T22:48:03.804217+00:00,2025-05-08T22:48:03.907408+00:00,Haas-VF2,HAAS-VF2,1,44C66283C2F94886BBBEA5BD88C8BF44,STOPPED
A4428FC607801A0C58CB8D50728EB20B,gcode.programname,O02500,2025-05-08T22:48:07.826157+00:00,2025-05-08T22:48:07.948164+00:00,Haas-VF2,HAAS-VF2,1,1C73E861C929D618B43B3F1FBB14E072,O02500
FDAD986F173B6719251217F835F273C6,execution,ACTIVE,2025-05-08T22:48:07.826071+00:00,2025-05-08T22:48:07.948234+00:00,Haas-VF2,HAAS-VF2,1,44C66283C2F94886BBBEA5BD88C8BF44,ACTIVE
9B7D1F183268534CC85C4F2BF248562D,toolnumber,171,2025-05-08T22:48:07.886206+00:00,2025-05-08T22:48:07.948263+00:00,Haas-VF2,HAAS-VF2,1,3D38368E6BF777E49AD6E83C69BCF77A,171
5FC61295B1C0705EA98D4F4F07A4E551,gcode.toolSlotId,171,2025-05-08T22:48:07.718058+00:00,2025-05-08T22:48:07.948288+00:00,Haas-VF2,HAAS-VF2,1,36D46A341E521DCDA4E15E05B6E3FF40,171
70DAD01F847449532864F31A32A6C555,gcode.ncode,N55,2025-05-08T22:48:08.853964+00:00,2025-05-08T22:48:08.930506+00:00,Haas-VF2,HAAS-VF2,1,13DF52F4A6D8F4E951161CACF4633DDA,N55
04040B66FBA7D67B75245671FCD33621,spindlespeed,6999.700927734375,2025-05-08T22:48:08.854058+00:00,2025-05-08T22:48:08.930529+00:00,Haas-VF2,HAAS-VF2,1,70E5DFCB0E62CBF43B100427E0671FDA,6999.700927734375
241DA8BFE546CA1099B2C0082151ADB9,pathfeedrate,40.0,2025-05-08T22:48:08.823771+00:00,2025-05-08T22:48:08.930538+00:00,Haas-VF2,HAAS-VF2,1,0D029646C219F862C033160876BC35A2,40.0
E047DA9C9B4AAE62FFA78303E139BB4F,load,6,2025-05-08T22:48:09.774323+00:00,2025-05-08T22:48:09.928815+00:00,Haas-VF2,HAAS-VF2,1,E981AB9DD6494EC93097EC399F92940C,6
5FDE1BC968BE108F69ACA2EF26F73B27,gcode.ncode,N60,2025-05-08T22:48:09.799357+00:00,2025-05-08T22:48:09.928883+00:00,Haas-VF2,HAAS-VF2,1,13DF52F4A6D8F4E951161CACF4633DDA,N60
B7A003F1CE7D084D3E1EF4F626D80BD7,spindlespeed,6999.31640625,2025-05-08T22:48:09.799419+00:00,2025-05-08T22:48:09.928904+00:00,Haas-VF2,HAAS-VF2,1,70E5DFCB0E62CBF43B100427E0671FDA,6999.31640625
7101E8BD71B456D5455D908FF9D00A97,load,12,2025-05-08T22:48:10.774599+00:00,2025-05-08T22:48:10.939767+00:00,Haas-VF2,HAAS-VF2,1,E981AB9DD6494EC93097EC399F92940C,12
C869047E8A32A046734635341F4FC4B2,gcode.ncode,N75,2025-05-08T22:48:10.812771+00:00,2025-05-08T22:48:10.939810+00:00,Haas-VF2,HAAS-VF2,1,13DF52F4A6D8F4E951161CACF4633DDA,N75
9E4C95D86325002E9F7B728904689830,spindlespeed,6998.675537109375,2025-05-08T22:48:10.812835+00:00,2025-05-08T22:48:10.939833+00:00,Haas-VF2,HAAS-VF2,1,70E5DFCB0E62CBF43B100427E0671FDA,6998.675537109375
339697FD59EFFA2EB112CE1BEB5747FF,pathfeedrate,105.0,2025-05-08T22:48:10.840456+00:00,2025-05-08T22:48:10.939852+00:00,Haas-VF2,HAAS-VF2,1,0D029646C219F862C033160876BC35A2,105.0
392265C842A2D19AE7FE5F036A8028C4,load,19,2025-05-08T22:48:11.773919+00:00,2025-05-08T22:48:11.953903+00:00,Haas-VF2,HAAS-VF2,1,E981AB9DD6494EC93097EC399F92940C,19
772CF086B54BDD2B545CDC2B634F4762,spindlespeed,6999.188232421875,2025-05-08T22:48:11.822314+00:00,2025-05-08T22:48:11.953958+00:00,Haas-VF2,HAAS-VF2,1,70E5DFCB0E62CBF43B100427E0671FDA,6999.188232421875
74382F29DBE677DEB8A1432BDE473747,load,18,2025-05-08T22:48:12.782146+00:00,2025-05-08T22:48:12.967362+00:00,Haas-VF2,HAAS-VF2,1,E981AB9DD6494EC93097EC399F92940C,18
44D39791E003367BA8B259657AE18474,gcode.ncode,N80,2025-05-08T22:48:12.818531+00:00,2025-05-08T22:48:12.967384+00:00,Haas-VF2,HAAS-VF2,1,13DF52F4A6D8F4E951161CACF4633DDA,N80
F2F8A27EFEA366DAE2D67C2784A7C76E,spindlespeed,6999.664306640625,2025-05-08T22:48:12.818579+00:00,2025-05-08T22:48:12.967391+00:00,Haas-VF2,HAAS-VF2,1,70E5DFCB0E62CBF43B100427E0671FDA,6999.664306640625
FCE5BCA9D993888D2F64838FD075A36E,spindlespeed,6999.79248046875,2025-05-08T22:48:13.829520+00:00,2025-05-08T22:48:13.917879+00:00,Haas-VF2,HAAS-VF2,1,70E5DFCB0E62CBF43B100427E0671FDA,6999.79248046875
E16AED0AA48A148C84B9097457DBA4B6,load,5,2025-05-08T22:48:14.776167+00:00,2025-05-08T22:48:14.961550+00:00,Haas-VF2,HAAS-VF2,1,E981AB9DD6494EC93097EC399F92940C,5
B0DD4EA9D7F6E7D78D37F7B64AFCAA1C,spindlespeed,6999.7467041015625,2025-05-08T22:48:14.792959+00:00,2025-05-08T22:48:14.961588+00:00,Haas-VF2,HAAS-VF2,1,70E5DFCB0E62CBF43B100427E0671FDA,6999.7467041015625
94AAFCC24FDA0ACF34D0A7333F48E2C2,load,18,2025-05-08T22:48:15.773098+00:00,2025-05-08T22:48:15.990457+00:00,Haas-VF2,HAAS-VF2,1,E981AB9DD6494EC93097EC399F92940C,18
56B19AAC486B4159D8186D9793DDE821,gcode.ncode,N85,2025-05-08T22:48:15.842517+00:00,2025-05-08T22:48:15.990503+00:00,Haas-VF2,HAAS-VF2,1,13DF52F4A6D8F4E951161CACF4633DDA,N85
6C3C549C770C40DB96DEBD57429F6810,spindlespeed,6999.3621826171875,2025-05-08T22:48:15.842596+00:00,2025-05-08T22:48:15.990523+00:00,Haas-VF2,HAAS-VF2,1,70E5DFCB0E62CBF43B100427E0671FDA,6999.3621826171875
4988EBAA23E0974B320D4EB44470BFC5,gcode.ncode,N90,2025-05-08T22:48:16.789317+00:00,2025-05-08T22:48:16.955504+00:00,Haas-VF2,HAAS-VF2,1,13DF52F4A6D8F4E951161CACF4633DDA,N90
2B21113BF30A4290CB01B00F12F56AEE,spindlespeed,6999.5635986328125,2025-05-08T22:48:16.789394+00:00,2025-05-08T22:48:16.955547+00:00,Haas-VF2,HAAS-VF2,1,70E5DFCB0E62CBF43B100427E0671FDA,6999.5635986328125
56A12C633F8A3A4E7D040975258F9E4D,load,17,2025-05-08T22:48:17.780553+00:00,2025-05-08T22:48:17.948118+00:00,Haas-VF2,HAAS-VF2,1,E981AB9DD6494EC93097EC399F92940C,17
162A07602E94E02CBBB913335E95FC94,spindlespeed,6999.57275390625,2025-05-08T22:48:17.806380+00:00,2025-05-08T22:48:17.948179+00:00,Haas-VF2,HAAS-VF2,1,70E5DFCB0E62CBF43B100427E0671FDA,6999.57275390625
0AE436605162434222E8BA8A3128779C,load,5,2025-05-08T22:48:18.777691+00:00,2025-05-08T22:48:18.947273+00:00,Haas-VF2,HAAS-VF2,1,E981AB9DD6494EC93097EC399F92940C,5
189919935623E4EDEF8F667C448E166B,spindlespeed,6999.71923828125,2025-05-08T22:48:18.829803+00:00,2025-05-08T22:48:18.947292+00:00,Haas-VF2,HAAS-VF2,1,70E5DFCB0E62CBF43B100427E0671FDA,6999.71923828125
B03F5D53D9E47DB40C07DBFCC7285EAA,pathfeedrate,40.0,2025-05-08T22:48:18.838873+00:00,2025-05-08T22:48:18.947299+00:00,Haas-VF2,HAAS-VF2,1,0D029646C219F862C033160876BC35A2,40.0
1827BF5B908859CF79AD669BD9230397,load,0,2025-05-08T22:48:19.769866+00:00,2025-05-08T22:48:19.940627+00:00,Haas-VF2,HAAS-VF2,1,E981AB9DD6494EC93097EC399F92940C,0
F512D9F00537B6EF057F1C6FE9FFD08A,spindlespeed,7001.6693115234375,2025-05-08T22:48:19.835401+00:00,2025-05-08T22:48:19.940664+00:00,Haas-VF2,HAAS-VF2,1,70E5DFCB0E62CBF43B100427E0671FDA,7001.6693115234375
183AF3E91BE9FC6330DCF609CCB96FA0,load,4,2025-05-08T22:48:20.766379+00:00,2025-05-08T22:48:20.921977+00:00,Haas-VF2,HAAS-VF2,1,E981AB9DD6494EC93097EC399F92940C,4
4A31405573385562AFCB26D37358C442,gcode.ncode,N115,2025-05-08T22:48:20.839678+00:00,2025-05-08T22:48:20.921997+00:00,Haas-VF2,HAAS-VF2,1,13DF52F4A6D8F4E951161CACF4633DDA,N115
A7D8E813ABA21274A0E4994DD65577C0,spindlespeed,6989.1265869140625,2025-05-08T22:48:20.839748+00:00,2025-05-08T22:48:20.922004+00:00,Haas-VF2,HAAS-VF2,1,70E5DFCB0E62CBF43B100427E0671FDA,6989.1265869140625
01B19A168D47D523B698572030192582,load,0,2025-05-08T22:48:21.777937+00:00,2025-05-08T22:48:21.938385+00:00,Haas-VF2,HAAS-VF2,1,E981AB9DD6494EC93097EC399F92940C,0
0E29CB0EF3837E969560AA00ED2D7266,gcode.ncode,N120,2025-05-08T22:48:21.836133+00:00,2025-05-08T22:48:21.938408+00:00,Haas-VF2,HAAS-VF2,1,13DF52F4A6D8F4E951161CACF4633DDA,N120
5ADE583AAB17F9F3D272EF00F25922F0,spindlespeed,0.4669189453125,2025-05-08T22:48:21.836215+00:00,2025-05-08T22:48:21.938417+00:00,Haas-VF2,HAAS-VF2,1,70E5DFCB0E62CBF43B100427E0671FDA,0.4669189453125
97BBD20FB3B3416000523ADBB0DBEB25,pathfeedrate,0.0,2025-05-08T22:48:21.824683+00:00,2025-05-08T22:48:21.938424+00:00,Haas-VF2,HAAS-VF2,1,0D029646C219F862C033160876BC35A2,0.0
224D8F417A6D7B2F971D731E65BFED48,execution,STOPPED,2025-05-08T22:48:22.793478+00:00,2025-05-08T22:48:22.960716+00:00,Haas-VF2,HAAS-VF2,1,44C66283C2F94886BBBEA5BD88C8BF44,STOPPED
7266BC830231CAA5B05FE3D55EB702DE,partcount,894,2025-05-08T22:48:22.793621+00:00,2025-05-08T22:48:22.960772+00:00,Haas-VF2,HAAS-VF2,1,19888D23893669DE81D5180E6890C4A9,894
63450F3C7F23F204C6CCDE5D2255EFFD,gcode.programname,O02500,2025-05-08T22:48:29.816477+00:00,2025-05-08T22:48:29.940534+00:00,Haas-VF2,HAAS-VF2,1,1C73E861C929D618B43B3F1FBB14E072,O02500
FEFAD7BC73B685E722F681B4F6945791,execution,ACTIVE,2025-05-08T22:48:29.816379+00:00,2025-05-08T22:48:29.940572+00:00,Haas-VF2,HAAS-VF2,1,44C66283C2F94886BBBEA5BD88C8BF44,ACTIVE
4C973E9BFC2940C2D6E2DA8002954D67,toolnumber,171,2025-05-08T22:48:29.893860+00:00,2025-05-08T22:48:29.940590+00:00,Haas-VF2,HAAS-VF2,1,3D38368E6BF777E49AD6E83C69BCF77A,171
8F852030720A31A7866630D28AE0DE83,gcode.toolSlotId,171,2025-05-08T22:48:29.718092+00:00,2025-05-08T22:48:29.940606+00:00,Haas-VF2,HAAS-VF2,1,36D46A341E521DCDA4E15E05B6E3FF40,171
D6FA582CCFCB46D49EEA55BFA46FEE19,spindlespeed,6999.6185302734375,2025-05-08T22:48:30.842399+00:00,2025-05-08T22:48:30.936770+00:00,Haas-VF2,HAAS-VF2,1,70E5DFCB0E62CBF43B100427E0671FDA,6999.6185302734375
30AB0E8950DE9B7E42F35E53C6684502,gcode.ncode,N55,2025-05-08T22:48:31.817592+00:00,2025-05-08T22:48:31.960681+00:00,Haas-VF2,HAAS-VF2,1,13DF52F4A6D8F4E951161CACF4633DDA,N55
BDAC2E29DC3988CBA75B8F3E447E64E5,spindlespeed,6999.7650146484375,2025-05-08T22:48:31.817651+00:00,2025-05-08T22:48:31.960810+00:00,Haas-VF2,HAAS-VF2,1,70E5DFCB0E62CBF43B100427E0671FDA,6999.7650146484375
C0AB91D426E15AEC47668BEF2F4B6506,pathfeedrate,40.0,2025-05-08T22:48:31.840448+00:00,2025-05-08T22:48:31.960846+00:00,Haas-VF2,HAAS-VF2,1,0D029646C219F862C033160876BC35A2,40.0
11164D468ED846D4B991F39DFA811315,load,9,2025-05-08T22:48:32.782272+00:00,2025-05-08T22:48:32.959826+00:00,Haas-VF2,HAAS-VF2,1,E981AB9DD6494EC93097EC399F92940C,9
01730F7A53993AD94D0606B4E3C5E19D,gcode.ncode,N70,2025-05-08T22:48:32.800421+00:00,2025-05-08T22:48:32.959863+00:00,Haas-VF2,HAAS-VF2,1,13DF52F4A6D8F4E951161CACF4633DDA,N70
C1242F2BF24B62FEB482881FBA6FAEE5,load,19,2025-05-08T22:48:33.785722+00:00,2025-05-08T22:48:33.940901+00:00,Haas-VF2,HAAS-VF2,1,E981AB9DD6494EC93097EC399F92940C,19
91CF08F9DF703E9B1DA6D3F21A4AEF6E,gcode.ncode,N75,2025-05-08T22:48:33.800789+00:00,2025-05-08T22:48:33.941002+00:00,Haas-VF2,HAAS-VF2,1,13DF52F4A6D8F4E951161CACF4633DDA,N75
1CFCEAEE6BDA6F79E51D4C9F81E6DC7B,spindlespeed,6999.0234375,2025-05-08T22:48:33.800844+00:00,2025-05-08T22:48:33.941021+00:00,Haas-VF2,HAAS-VF2,1,70E5DFCB0E62CBF43B100427E0671FDA,6999.0234375
79D4052129F224444A825329EA93E9D4,pathfeedrate,105.0,2025-05-08T22:48:33.833888+00:00,2025-05-08T22:48:33.941037+00:00,Haas-VF2,HAAS-VF2,1,0D029646C219F862C033160876BC35A2,105.0
E956385BFF6BE6D0F98D21423F063D14,gcode.ncode,N80,2025-05-08T22:48:34.826497+00:00,2025-05-08T22:48:34.982712+00:00,Haas-VF2,HAAS-VF2,1,13DF52F4A6D8F4E951161CACF4633DDA,N80
CF779A68566485BDCBFE14B8E592A4CA,spindlespeed,6998.5748291015625,2025-05-08T22:48:34.826577+00:00,2025-05-08T22:48:34.982764+00:00,Haas-VF2,HAAS-VF2,1,70E5DFCB0E62CBF43B100427E0671FDA,6998.5748291015625
277F7ECD207DE659F75DC3B37EEC205D,load,18,2025-05-08T22:48:35.783223+00:00,2025-05-08T22:48:35.947729+00:00,Haas-VF2,HAAS-VF2,1,E981AB9DD6494EC93097EC399F92940C,18
A25AF945A8602E048FD27CE700A8D2A3,spindlespeed,6999.8291015625,2025-05-08T22:48:35.819487+00:00,2025-05-08T22:48:35.947828+00:00,Haas-VF2,HAAS-VF2,1,70E5DFCB0E62CBF43B100427E0671FDA,6999.8291015625
4CB9728498F0BFB292C77C188A8B9466,load,6,2025-05-08T22:48:36.773171+00:00,2025-05-08T22:48:36.939039+00:00,Haas-VF2,HAAS-VF2,1,E981AB9DD6494EC93097EC399F92940C,6
BF4BDAAC2B87768E2510468AE2EB6152,spindlespeed,6999.6551513671875,2025-05-08T22:48:36.815335+00:00,2025-05-08T22:48:36.939091+00:00,Haas-VF2,HAAS-VF2,1,70E5DFCB0E62CBF43B100427E0671FDA,6999.6551513671875
EE519C91265307A796CFEBF5ADE50E41,load,16,2025-05-08T22:48:37.766501+00:00,2025-05-08T22:48:37.918221+00:00,Haas-VF2,HAAS-VF2,1,E981AB9DD6494EC93097EC399F92940C,16
E08CC7B0D7A4976F66142C3C7AC34F3C,spindlespeed,7001.25732421875,2025-05-08T22:48:37.785477+00:00,2025-05-08T22:48:37.918255+00:00,Haas-VF2,HAAS-VF2,1,70E5DFCB0E62CBF43B100427E0671FDA,7001.25732421875
FDC5C8D4AB2585280B7303D168FEA55C,load,18,2025-05-08T22:48:38.775600+00:00,2025-05-08T22:48:38.961708+00:00,Haas-VF2,HAAS-VF2,1,E981AB9DD6494EC93097EC399F92940C,18
111FF839019371AAD8B1ED3B51898176,gcode.ncode,N90,2025-05-08T22:48:38.838163+00:00,2025-05-08T22:48:38.961730+00:00,Haas-VF2,HAAS-VF2,1,13DF52F4A6D8F4E951161CACF4633DDA,N90
B882A019715074D7F174095F4059D848,spindlespeed,6996.917724609375,2025-05-08T22:48:38.838228+00:00,2025-05-08T22:48:38.961738+00:00,Haas-VF2,HAAS-VF2,1,70E5DFCB0E62CBF43B100427E0671FDA,6996.917724609375
B9035E8C8975F58EE098B2A3406A3724,spindlespeed,6999.64599609375,2025-05-08T22:48:39.823838+00:00,2025-05-08T22:48:39.922877+00:00,Haas-VF2,HAAS-VF2,1,70E5DFCB0E62CBF43B100427E0671FDA,6999.64599609375
3148D48047E9DECBA4C1FE15B66A06D6,spindlespeed,6999.664306640625,2025-05-08T22:48:40.894236+00:00,2025-05-08T22:48:40.965646+00:00,Haas-VF2,HAAS-VF2,1,70E5DFCB0E62CBF43B100427E0671FDA,6999.664306640625
B0F2C29108526F9426CEFFD2EEA81FE6,load,3,2025-05-08T22:48:41.775797+00:00,2025-05-08T22:48:41.930266+00:00,Haas-VF2,HAAS-VF2,1,E981AB9DD6494EC93097EC399F92940C,3
D7A7B69D0B64C68BD7D69A1D29D2938E,spindlespeed,7002.447509765625,2025-05-08T22:48:41.813422+00:00,2025-05-08T22:48:41.930312+00:00,Haas-VF2,HAAS-VF2,1,70E5DFCB0E62CBF43B100427E0671FDA,7002.447509765625
75D18B445AF8A63A23BC792C69471BF1,pathfeedrate,40.0,2025-05-08T22:48:41.821541+00:00,2025-05-08T22:48:41.930332+00:00,Haas-VF2,HAAS-VF2,1,0D029646C219F862C033160876BC35A2,40.0
48E364D165EF7F761DEB7477D4D5DC9C,load,116,2025-05-08T22:48:42.771333+00:00,2025-05-08T22:48:42.909755+00:00,Haas-VF2,HAAS-VF2,1,E981AB9DD6494EC93097EC399F92940C,116
9AE9C24117BAD0DCFB3DDAA1867E0CDB,gcode.ncode,N95,2025-05-08T22:48:42.824243+00:00,2025-05-08T22:48:42.909800+00:00,Haas-VF2,HAAS-VF2,1,13DF52F4A6D8F4E951161CACF4633DDA,N95
69A8AC435BE86B3185F6F4B886585235,spindlespeed,7000.48828125,2025-05-08T22:48:42.824306+00:00,2025-05-08T22:48:42.909816+00:00,Haas-VF2,HAAS-VF2,1,70E5DFCB0E62CBF43B100427E0671FDA,7000.48828125
764345688BF2B6806E1B76E19979C15E,load,2,2025-05-08T22:48:43.782392+00:00,2025-05-08T22:48:43.972833+00:00,Haas-VF2,HAAS-VF2,1,E981AB9DD6494EC93097EC399F92940C,2
D3D325AE165F7DACC9CEE457130450BB,gcode.ncode,N115,2025-05-08T22:48:43.840549+00:00,2025-05-08T22:48:43.972872+00:00,Haas-VF2,HAAS-VF2,1,13DF52F4A6D8F4E951161CACF4633DDA,N115
F81E770D489DA2A34AD0EBC580CBBBC0,spindlespeed,4946.52099609375,2025-05-08T22:48:43.840645+00:00,2025-05-08T22:48:43.972879+00:00,Haas-VF2,HAAS-VF2,1,70E5DFCB0E62CBF43B100427E0671FDA,4946.52099609375
DBF1CDCF8E5C4B9B3C54B0E9C8A07FD4,pathfeedrate,0.0,2025-05-08T22:48:43.842238+00:00,2025-05-08T22:48:43.972885+00:00,Haas-VF2,HAAS-VF2,1,0D029646C219F862C033160876BC35A2,0.0
358306B3E1AAF20F8B8424D4EADA3483,load,0,2025-05-08T22:48:44.777075+00:00,2025-05-08T22:48:44.941977+00:00,Haas-VF2,HAAS-VF2,1,E981AB9DD6494EC93097EC399F92940C,0
8DB0A1A32265AD07C3BFA57B6D34AE10,gcode.ncode,N120,2025-05-08T22:48:44.793106+00:00,2025-05-08T22:48:44.942059+00:00,Haas-VF2,HAAS-VF2,1,13DF52F4A6D8F4E951161CACF4633DDA,N120
E6E83EFA1D022B60CD905848C3664CD9,spindlespeed,0.421142578125,2025-05-08T22:48:44.793171+00:00,2025-05-08T22:48:44.942076+00:00,Haas-VF2,HAAS-VF2,1,70E5DFCB0E62CBF43B100427E0671FDA,0.421142578125
8D861AE1E63AF4796D8C1B5A4AA67E59,execution,STOPPED,2025-05-08T22:48:45.801218+00:00,2025-05-08T22:48:45.936220+00:00,Haas-VF2,HAAS-VF2,1,44C66283C2F94886BBBEA5BD88C8BF44,STOPPED
A757CB5C904E130AA1C7B16EB2447CF2,partcount,895,2025-05-08T22:48:45.801314+00:00,2025-05-08T22:48:45.936242+00:00,Haas-VF2,HAAS-VF2,1,19888D23893669DE81D5180E6890C4A9,895
8A0D014E95611F31775CF3C57083C7A9,execution,STOPPED,2025-05-08T22:48:55.792445+00:00,2025-05-08T22:48:55.953002+00:00,Haas-VF2,HAAS-VF2,1,44C66283C2F94886BBBEA5BD88C8BF44,STOPPED
5E3382FEC3B3CC83C72D46F80A91CA27,execution,STOPPED,2025-05-08T22:49:05.788455+00:00,2025-05-08T22:49:05.933797+00:00,Haas-VF2,HAAS-VF2,1,44C66283C2F94886BBBEA5BD88C8BF44,STOPPED
F7613C35260CF0701B166FFDF6E42977,execution,STOPPED,2025-05-08T22:49:15.786979+00:00,2025-05-08T22:49:15.952708+00:00,Haas-VF2,HAAS-VF2,1,44C66283C2F94886BBBEA5BD88C8BF44,STOPPED
C7B1D510C9DCD7EC9BF1E7F1EDED9D41,execution,STOPPED,2025-05-08T22:49:25.789255+00:00,2025-05-08T22:49:25.935211+00:00,Haas-VF2,HAAS-VF2,1,44C66283C2F94886BBBEA5BD88C8BF44,STOPPED
014A4FDC9EADE8DF1CA525C47DAB028E,execution,STOPPED,2025-05-08T22:49:35.784507+00:00,2025-05-08T22:49:35.924791+00:00,Haas-VF2,HAAS-VF2,1,44C66283C2F94886BBBEA5BD88C8BF44,STOPPED
F3E582F610FB56B9039E4F52F84EAB2D,gcode.programname,O02500,2025-05-08T22:49:40.808489+00:00,2025-05-08T22:49:40.929139+00:00,Haas-VF2,HAAS-VF2,1,1C73E861C929D618B43B3F1FBB14E072,O02500
B834FE1117B716EE833E938097E21976,execution,ACTIVE,2025-05-08T22:49:40.808399+00:00,2025-05-08T22:49:40.929155+00:00,Haas-VF2,HAAS-VF2,1,44C66283C2F94886BBBEA5BD88C8BF44,ACTIVE
F2EF126CAAF714E2F6F243B4B04C2B63,toolnumber,171,2025-05-08T22:49:40.881154+00:00,2025-05-08T22:49:40.929161+00:00,Haas-VF2,HAAS-VF2,1,3D38368E6BF777E49AD6E83C69BCF77A,171
A63A99FF481336DF8E72D8AA0ACCE6D8,gcode.toolSlotId,171,2025-05-08T22:49:40.718102+00:00,2025-05-08T22:49:40.929165+00:00,Haas-VF2,HAAS-VF2,1,36D46A341E521DCDA4E15E05B6E3FF40,171
030340F199B2A546AE0030DD3C1DEDB7,gcode.ncode,N55,2025-05-08T22:49:41.834295+00:00,2025-05-08T22:49:41.926144+00:00,Haas-VF2,HAAS-VF2,1,13DF52F4A6D8F4E951161CACF4633DDA,N55
E3B932E9D3F3144192A9DD81E4E2BF34,spindlespeed,6999.609375,2025-05-08T22:49:41.834355+00:00,2025-05-08T22:49:41.926168+00:00,Haas-VF2,HAAS-VF2,1,70E5DFCB0E62CBF43B100427E0671FDA,6999.609375
A01CFE4E5205D312187401152E0F14C2,pathfeedrate,40.0,2025-05-08T22:49:41.818868+00:00,2025-05-08T22:49:41.926177+00:00,Haas-VF2,HAAS-VF2,1,0D029646C219F862C033160876BC35A2,40.0
F4347F12BA01226499EE67C0A7D6A569,load,5,2025-05-08T22:49:42.781973+00:00,2025-05-08T22:49:43.014465+00:00,Haas-VF2,HAAS-VF2,1,E981AB9DD6494EC93097EC399F92940C,5
97AB0A3C8992ABAFF3526A1133835B71,gcode.ncode,N70,2025-05-08T22:49:42.812792+00:00,2025-05-08T22:49:43.014617+00:00,Haas-VF2,HAAS-VF2,1,13DF52F4A6D8F4E951161CACF4633DDA,N70
CB7E6C812461CC426E9AD0E889FD005A,spindlespeed,6999.7650146484375,2025-05-08T22:49:42.812868+00:00,2025-05-08T22:49:43.014670+00:00,Haas-VF2,HAAS-VF2,1,70E5DFCB0E62CBF43B100427E0671FDA,6999.7650146484375
5EB7F06C7EEC003C43966F1DC1BC0799,load,9,2025-05-08T22:49:43.789302+00:00,2025-05-08T22:49:43.976451+00:00,Haas-VF2,HAAS-VF2,1,E981AB9DD6494EC93097EC399F92940C,9
2A3746862B7BB2469A77D600063A2EC8,gcode.ncode,N75,2025-05-08T22:49:43.851032+00:00,2025-05-08T22:49:43.976503+00:00,Haas-VF2,HAAS-VF2,1,13DF52F4A6D8F4E951161CACF4633DDA,N75
6C1155A6625A47110167B11DEEABF6AF,spindlespeed,6999.114990234375,2025-05-08T22:49:43.851110+00:00,2025-05-08T22:49:43.976527+00:00,Haas-VF2,HAAS-VF2,1,70E5DFCB0E62CBF43B100427E0671FDA,6999.114990234375
27AFAC8884239E2CFFB6BCEB115FECA3,pathfeedrate,105.0,2025-05-08T22:49:43.850875+00:00,2025-05-08T22:49:43.976547+00:00,Haas-VF2,HAAS-VF2,1,0D029646C219F862C033160876BC35A2,105.0
AF63B8E4B8F428EA45C6B826374A0628,load,15,2025-05-08T22:49:44.788855+00:00,2025-05-08T22:49:44.939871+00:00,Haas-VF2,HAAS-VF2,1,E981AB9DD6494EC93097EC399F92940C,15
458097CBC4D9443AB69027B857133B61,gcode.ncode,N80,2025-05-08T22:49:44.802752+00:00,2025-05-08T22:49:44.939904+00:00,Haas-VF2,HAAS-VF2,1,13DF52F4A6D8F4E951161CACF4633DDA,N80
BAD9ACDD7F3109993DC136B97ABD6765,spindlespeed,6997.7325439453125,2025-05-08T22:49:44.802792+00:00,2025-05-08T22:49:44.939915+00:00,Haas-VF2,HAAS-VF2,1,70E5DFCB0E62CBF43B100427E0671FDA,6997.7325439453125
C74CDD4F3EC1E6A11735266E02E032E3,load,14,2025-05-08T22:49:45.783346+00:00,2025-05-08T22:49:45.936806+00:00,Haas-VF2,HAAS-VF2,1,E981AB9DD6494EC93097EC399F92940C,14
9643B4AA03DC46788507821585B351F5,spindlespeed,6999.609375,2025-05-08T22:49:45.835698+00:00,2025-05-08T22:49:45.936828+00:00,Haas-VF2,HAAS-VF2,1,70E5DFCB0E62CBF43B100427E0671FDA,6999.609375
60A6C9A51019AA661C2987A6E5845000,load,10,2025-05-08T22:49:46.776411+00:00,2025-05-08T22:49:46.948991+00:00,Haas-VF2,HAAS-VF2,1,E981AB9DD6494EC93097EC399F92940C,10
8220323EBE30B781405A3EF57A271099,spindlespeed,6999.6185302734375,2025-05-08T22:49:46.806201+00:00,2025-05-08T22:49:46.949053+00:00,Haas-VF2,HAAS-VF2,1,70E5DFCB0E62CBF43B100427E0671FDA,6999.6185302734375
318FF30546FF4F544054BFB06D9DCB91,load,5,2025-05-08T22:49:47.773275+00:00,2025-05-08T22:49:47.926865+00:00,Haas-VF2,HAAS-VF2,1,E981AB9DD6494EC93097EC399F92940C,5
C8961C79FDD7EB8472543442D4E7CADF,spindlespeed,6999.7650146484375,2025-05-08T22:49:47.859183+00:00,2025-05-08T22:49:47.926896+00:00,Haas-VF2,HAAS-VF2,1,70E5DFCB0E62CBF43B100427E0671FDA,6999.7650146484375
93090FAEEEE649AA7A23629C6871B865,load,13,2025-05-08T22:49:48.773068+00:00,2025-05-08T22:49:48.925974+00:00,Haas-VF2,HAAS-VF2,1,E981AB9DD6494EC93097EC399F92940C,13
336C6C8C40347E5F2CFEDAE82EE9CDCE,gcode.ncode,N85,2025-05-08T22:49:48.823068+00:00,2025-05-08T22:49:48.925998+00:00,Haas-VF2,HAAS-VF2,1,13DF52F4A6D8F4E951161CACF4633DDA,N85
EABBBD6A74808C2DBE1B42F2DB0905BE,spindlespeed,6999.8199462890625,2025-05-08T22:49:48.823135+00:00,2025-05-08T22:49:48.926006+00:00,Haas-VF2,HAAS-VF2,1,70E5DFCB0E62CBF43B100427E0671FDA,6999.8199462890625
334014F68A02DBEAC57D0584C8D22586,load,14,2025-05-08T22:49:49.769599+00:00,2025-05-08T22:49:49.939666+00:00,Haas-VF2,HAAS-VF2,1,E981AB9DD6494EC93097EC399F92940C,14
55E766602FDC5DBC8B44535E8F5A3ADD,gcode.ncode,N90,2025-05-08T22:49:49.795497+00:00,2025-05-08T22:49:49.939684+00:00,Haas-VF2,HAAS-VF2,1,13DF52F4A6D8F4E951161CACF4633DDA,N90
846E4E792CA4B911993A37D8C045CA21,spindlespeed,6999.5452880859375,2025-05-08T22:49:49.795550+00:00,2025-05-08T22:49:49.939691+00:00,Haas-VF2,HAAS-VF2,1,70E5DFCB0E62CBF43B100427E0671FDA,6999.5452880859375
1660876EBA75E12E16314DA00D6DDBC6,spindlespeed,6999.6368408203125,2025-05-08T22:49:50.811617+00:00,2025-05-08T22:49:50.948442+00:00,Haas-VF2,HAAS-VF2,1,70E5DFCB0E62CBF43B100427E0671FDA,6999.6368408203125
7BC55F63D6DF8CE451DEA1E250735D5D,load,5,2025-05-08T22:49:51.783940+00:00,2025-05-08T22:49:51.932530+00:00,Haas-VF2,HAAS-VF2,1,E981AB9DD6494EC93097EC399F92940C,5
50542942BF22627968F5457D3746412F,spindlespeed,6999.609375,2025-05-08T22:49:51.793697+00:00,2025-05-08T22:49:51.932550+00:00,Haas-VF2,HAAS-VF2,1,70E5DFCB0E62CBF43B100427E0671FDA,6999.609375
49720FDE7763AC90C91317C971A216DD,pathfeedrate,40.0,2025-05-08T22:49:51.838556+00:00,2025-05-08T22:49:51.932557+00:00,Haas-VF2,HAAS-VF2,1,0D029646C219F862C033160876BC35A2,40.0
21600F973C57F79E24432E5E30667988,load,3,2025-05-08T22:49:52.773905+00:00,2025-05-08T22:49:52.943277+00:00,Haas-VF2,HAAS-VF2,1,E981AB9DD6494EC93097EC399F92940C,3
A59451FC81900716EC895FC0C5DD509F,gcode.ncode,N95,2025-05-08T22:49:52.791427+00:00,2025-05-08T22:49:52.943312+00:00,Haas-VF2,HAAS-VF2,1,13DF52F4A6D8F4E951161CACF4633DDA,N95
D6ADD0D72DC0E0CB44F0288720BF7BC7,spindlespeed,7000.396728515625,2025-05-08T22:49:52.791480+00:00,2025-05-08T22:49:52.943321+00:00,Haas-VF2,HAAS-VF2,1,70E5DFCB0E62CBF43B100427E0671FDA,7000.396728515625
8A4974965FC88FF714203B22664DC0A2,gcode.ncode,N115,2025-05-08T22:49:53.823778+00:00,2025-05-08T22:49:53.926792+00:00,Haas-VF2,HAAS-VF2,1,13DF52F4A6D8F4E951161CACF4633DDA,N115
D610A48792C35BC8980487959A33A2C4,spindlespeed,5430.72509765625,2025-05-08T22:49:53.823873+00:00,2025-05-08T22:49:53.926812+00:00,Haas-VF2,HAAS-VF2,1,70E5DFCB0E62CBF43B100427E0671FDA,5430.72509765625
C12C0A41EC0F3C3D8B35F27F4EC2AFC3,load,0,2025-05-08T22:49:54.770676+00:00,2025-05-08T22:49:54.911375+00:00,Haas-VF2,HAAS-VF2,1,E981AB9DD6494EC93097EC399F92940C,0
E3A2C26D78F51187F6FB26488DB2BA86,gcode.ncode,N120,2025-05-08T22:49:54.795295+00:00,2025-05-08T22:49:54.911397+00:00,Haas-VF2,HAAS-VF2,1,13DF52F4A6D8F4E951161CACF4633DDA,N120
CC6FAF47681F2FB17AAA718B5D65F26C,spindlespeed,0.40283203125,2025-05-08T22:49:54.795378+00:00,2025-05-08T22:49:54.911403+00:00,Haas-VF2,HAAS-VF2,1,70E5DFCB0E62CBF43B100427E0671FDA,0.40283203125
A429055881D2B7953FBEEB99EEAE2569,pathfeedrate,0.0,2025-05-08T22:49:54.816481+00:00,2025-05-08T22:49:54.911409+00:00,Haas-VF2,HAAS-VF2,1,0D029646C219F862C033160876BC35A2,0.0
D7A994F24B994FA1461D9E10714028B0,execution,STOPPED,2025-05-08T22:49:55.797276+00:00,2025-05-08T22:49:55.947862+00:00,Haas-VF2,HAAS-VF2,1,44C66283C2F94886BBBEA5BD88C8BF44,STOPPED
EBDC0C55E733CFF118EC1EF6DFA70E12,partcount,896,2025-05-08T22:49:55.797357+00:00,2025-05-08T22:49:55.947892+00:00,Haas-VF2,HAAS-VF2,1,19888D23893669DE81D5180E6890C4A9,896
A80C5ADA0CA0899FF3F22F6EBD2AFF85,gcode.programname,O02500,2025-05-08T22:50:00.848483+00:00,2025-05-08T22:50:00.947355+00:00,Haas-VF2,HAAS-VF2,1,1C73E861C929D618B43B3F1FBB14E072,O02500
DA748F1060659E0174227AEB40D538A4,execution,ACTIVE,2025-05-08T22:50:00.848413+00:00,2025-05-08T22:50:00.947386+00:00,Haas-VF2,HAAS-VF2,1,44C66283C2F94886BBBEA5BD88C8BF44,ACTIVE
9D84A9E363756D9D5CE5A8E5DD54D727,toolnumber,171,2025-05-08T22:50:00.897534+00:00,2025-05-08T22:50:00.947398+00:00,Haas-VF2,HAAS-VF2,1,3D38368E6BF777E49AD6E83C69BCF77A,171
7319DAE10D8C29A9C0DA51B4EFA31CD5,gcode.toolSlotId,171,2025-05-08T22:50:00.718081+00:00,2025-05-08T22:50:00.947408+00:00,Haas-VF2,HAAS-VF2,1,36D46A341E521DCDA4E15E05B6E3FF40,171
C2E7756CD33E8430F178B0A1B0044A2A,spindlespeed,6999.7283935546875,2025-05-08T22:50:01.788656+00:00,2025-05-08T22:50:01.939685+00:00,Haas-VF2,HAAS-VF2,1,70E5DFCB0E62CBF43B100427E0671FDA,6999.7283935546875
78635FD9B66173517F559D0B29055431,load,171,2025-05-08T22:50:02.718281+00:00,2025-05-08T22:50:02.863016+00:00,Haas-VF2,HAAS-VF2,1,E981AB9DD6494EC93097EC399F92940C,171
DC6FF2523B91EC5D238BC3C335B7BCE9,gcode.ncode,N60,2025-05-08T22:50:02.793928+00:00,2025-05-08T22:50:02.863100+00:00,Haas-VF2,HAAS-VF2,1,13DF52F4A6D8F4E951161CACF4633DDA,N60
346EF302178E943B7FCD98EC8E17C289,spindlespeed,6999.462890625,2025-05-08T22:50:02.793985+00:00,2025-05-08T22:50:02.863121+00:00,Haas-VF2,HAAS-VF2,1,70E5DFCB0E62CBF43B100427E0671FDA,6999.462890625
5D513F54BEFECDC69F97304AC277E623,pathfeedrate,40.0,2025-05-08T22:50:02.768239+00:00,2025-05-08T22:50:02.863136+00:00,Haas-VF2,HAAS-VF2,1,0D029646C219F862C033160876BC35A2,40.0
9E0DA5BDE081FFEF0596BC54C40D012C,load,7,2025-05-08T22:50:03.764675+00:00,2025-05-08T22:50:03.937373+00:00,Haas-VF2,HAAS-VF2,1,E981AB9DD6494EC93097EC399F92940C,7
99DDAF7D14092DE239C8CCB66FD13655,gcode.ncode,N75,2025-05-08T22:50:03.824502+00:00,2025-05-08T22:50:03.937397+00:00,Haas-VF2,HAAS-VF2,1,13DF52F4A6D8F4E951161CACF4633DDA,N75
7625D8A8433901B6B857F5FE772EEDD5,spindlespeed,6999.57275390625,2025-05-08T22:50:03.824590+00:00,2025-05-08T22:50:03.937406+00:00,Haas-VF2,HAAS-VF2,1,70E5DFCB0E62CBF43B100427E0671FDA,6999.57275390625
DD4AB5D6F67BE892F78B307033C1D16E,load,15,2025-05-08T22:50:04.778736+00:00,2025-05-08T22:50:04.944911+00:00,Haas-VF2,HAAS-VF2,1,E981AB9DD6494EC93097EC399F92940C,15
C9A9571C07C26C4AB2F1BD4380054AD2,spindlespeed,6999.42626953125,2025-05-08T22:50:04.806596+00:00,2025-05-08T22:50:04.944930+00:00,Haas-VF2,HAAS-VF2,1,70E5DFCB0E62CBF43B100427E0671FDA,6999.42626953125
C85350C7037A385E716FA9BA7CE8EA69,pathfeedrate,105.0,2025-05-08T22:50:04.840990+00:00,2025-05-08T22:50:04.944962+00:00,Haas-VF2,HAAS-VF2,1,0D029646C219F862C033160876BC35A2,105.0
D0D0859BAE6CABA0398E964105D53BDC,gcode.ncode,N80,2025-05-08T22:50:05.798138+00:00,2025-05-08T22:50:05.953441+00:00,Haas-VF2,HAAS-VF2,1,13DF52F4A6D8F4E951161CACF4633DDA,N80
4D2127B39E83FD5070D6053613DB503F,spindlespeed,6999.6185302734375,2025-05-08T22:50:05.798242+00:00,2025-05-08T22:50:05.953465+00:00,Haas-VF2,HAAS-VF2,1,70E5DFCB0E62CBF43B100427E0671FDA,6999.6185302734375
508EC78D0F4F6471C2139DD286873105,spindlespeed,6999.627685546875,2025-05-08T22:50:06.813081+00:00,2025-05-08T22:50:06.967094+00:00,Haas-VF2,HAAS-VF2,1,70E5DFCB0E62CBF43B100427E0671FDA,6999.627685546875
4433B82F3FAB299EAA40E4138BBDB63E,load,4,2025-05-08T22:50:07.769942+00:00,2025-05-08T22:50:07.956791+00:00,Haas-VF2,HAAS-VF2,1,E981AB9DD6494EC93097EC399F92940C,4
BB30D285373AE1C43192D4EBB87A9BF5,spindlespeed,6999.609375,2025-05-08T22:50:07.821293+00:00,2025-05-08T22:50:07.956826+00:00,Haas-VF2,HAAS-VF2,1,70E5DFCB0E62CBF43B100427E0671FDA,6999.609375
B93E90F0626BC168342E0301B1CF976E,load,13,2025-05-08T22:50:08.775606+00:00,2025-05-08T22:50:08.946630+00:00,Haas-VF2,HAAS-VF2,1,E981AB9DD6494EC93097EC399F92940C,13
F1F4FB37B1604AB527E0199C0AAC9D86,spindlespeed,7000.7171630859375,2025-05-08T22:50:08.828461+00:00,2025-05-08T22:50:08.946675+00:00,Haas-VF2,HAAS-VF2,1,70E5DFCB0E62CBF43B100427E0671FDA,7000.7171630859375
4BA06D7524DAA13FB18963A9A81B009A,load,14,2025-05-08T22:50:09.767499+00:00,2025-05-08T22:50:09.922199+00:00,Haas-VF2,HAAS-VF2,1,E981AB9DD6494EC93097EC399F92940C,14
C13249EF2A05BF0C4630FE761A98E392,gcode.ncode,N90,2025-05-08T22:50:09.838671+00:00,2025-05-08T22:50:09.922300+00:00,Haas-VF2,HAAS-VF2,1,13DF52F4A6D8F4E951161CACF4633DDA,N90
1E0AA4FE2D5DC9B534DAF1BC4AD4C669,spindlespeed,6998.9410400390625,2025-05-08T22:50:09.838769+00:00,2025-05-08T22:50:09.922312+00:00,Haas-VF2,HAAS-VF2,1,70E5DFCB0E62CBF43B100427E0671FDA,6998.9410400390625
261894789274389BA7DCD851823FFC92,load,15,2025-05-08T22:50:10.777960+00:00,2025-05-08T22:50:10.947142+00:00,Haas-VF2,HAAS-VF2,1,E981AB9DD6494EC93097EC399F92940C,15
4773BB5C155DC94719DEED8DD4925B86,spindlespeed,6999.371337890625,2025-05-08T22:50:10.839553+00:00,2025-05-08T22:50:10.947170+00:00,Haas-VF2,HAAS-VF2,1,70E5DFCB0E62CBF43B100427E0671FDA,6999.371337890625
1FE53E66805ABCA33C8C8CCEEEB830BC,load,8,2025-05-08T22:50:11.778314+00:00,2025-05-08T22:50:11.948502+00:00,Haas-VF2,HAAS-VF2,1,E981AB9DD6494EC93097EC399F92940C,8
8DDD0F59681B75E2F64BF5BB581C2F93,spindlespeed,6999.664306640625,2025-05-08T22:50:11.844060+00:00,2025-05-08T22:50:11.948522+00:00,Haas-VF2,HAAS-VF2,1,70E5DFCB0E62CBF43B100427E0671FDA,6999.664306640625
84BC7ED926F311DF23B5CF72AFB9FC20,load,4,2025-05-08T22:50:12.771571+00:00,2025-05-08T22:50:12.937487+00:00,Haas-VF2,HAAS-VF2,1,E981AB9DD6494EC93097EC399F92940C,4
5E2C6A0EAD5A6805C14C1D96C667CA0B,spindlespeed,7001.568603515625,2025-05-08T22:50:12.854791+00:00,2025-05-08T22:50:12.937512+00:00,Haas-VF2,HAAS-VF2,1,70E5DFCB0E62CBF43B100427E0671FDA,7001.568603515625
6667644E548011F4353B6291B12B4037,pathfeedrate,40.0,2025-05-08T22:50:12.817785+00:00,2025-05-08T22:50:12.937522+00:00,Haas-VF2,HAAS-VF2,1,0D029646C219F862C033160876BC35A2,40.0
FE61A6929B3D1FCE203F057AEC9885FE,load,5,2025-05-08T22:50:13.773756+00:00,2025-05-08T22:50:13.943975+00:00,Haas-VF2,HAAS-VF2,1,E981AB9DD6494EC93097EC399F92940C,5
0D1AB06BA9713AB07345767014AB9125,gcode.ncode,N115,2025-05-08T22:50:13.840639+00:00,2025-05-08T22:50:13.944003+00:00,Haas-VF2,HAAS-VF2,1,13DF52F4A6D8F4E951161CACF4633DDA,N115
A4BC5CD23A5A77F388A18D4AD491BC33,spindlespeed,6999.8748779296875,2025-05-08T22:50:13.840702+00:00,2025-05-08T22:50:13.944013+00:00,Haas-VF2,HAAS-VF2,1,70E5DFCB0E62CBF43B100427E0671FDA,6999.8748779296875
F8A933CCEB575A6E77192A3809554484,load,2,2025-05-08T22:50:14.767670+00:00,2025-05-08T22:50:14.936886+00:00,Haas-VF2,HAAS-VF2,1,E981AB9DD6494EC93097EC399F92940C,2
24808950B75202B50C101AA06B7A8BC6,gcode.ncode,N120,2025-05-08T22:50:14.800647+00:00,2025-05-08T22:50:14.936904+00:00,Haas-VF2,HAAS-VF2,1,13DF52F4A6D8F4E951161CACF4633DDA,N120
4FAD9B61C9AD2FE23496D74084DC85EC,spindlespeed,0.2655029296875,2025-05-08T22:50:14.800708+00:00,2025-05-08T22:50:14.936910+00:00,Haas-VF2,HAAS-VF2,1,70E5DFCB0E62CBF43B100427E0671FDA,0.2655029296875
15DC2C2831F13276BC11E2D263EE99FC,pathfeedrate,0.0,2025-05-08T22:50:14.829526+00:00,2025-05-08T22:50:14.936914+00:00,Haas-VF2,HAAS-VF2,1,0D029646C219F862C033160876BC35A2,0.0
ED1AB72EAE9E1EA82CE212B83A63662B,execution,STOPPED,2025-05-08T22:50:15.794070+00:00,2025-05-08T22:50:15.934056+00:00,Haas-VF2,HAAS-VF2,1,44C66283C2F94886BBBEA5BD88C8BF44,STOPPED
D201FB76DEC7D7EBDD00B67EFDF859CD,partcount,897,2025-05-08T22:50:15.794149+00:00,2025-05-08T22:50:15.934079+00:00,Haas-VF2,HAAS-VF2,1,19888D23893669DE81D5180E6890C4A9,897
4DDF92A7A9A2BD45B1391CA41A05CAEA,gcode.programname,O02500,2025-05-08T22:50:21.824281+00:00,2025-05-08T22:50:21.944031+00:00,Haas-VF2,HAAS-VF2,1,1C73E861C929D618B43B3F1FBB14E072,O02500
76424D6D22B8208294BB600BB34AEB49,execution,ACTIVE,2025-05-08T22:50:21.824214+00:00,2025-05-08T22:50:21.944056+00:00,Haas-VF2,HAAS-VF2,1,44C66283C2F94886BBBEA5BD88C8BF44,ACTIVE
43F14B023C04E908E21E78DACAC8BF5C,toolnumber,171,2025-05-08T22:50:21.880951+00:00,2025-05-08T22:50:21.944065+00:00,Haas-VF2,HAAS-VF2,1,3D38368E6BF777E49AD6E83C69BCF77A,171
B4573BD8D6FA59F5A397E84D09E3D992,gcode.toolSlotId,171,2025-05-08T22:50:21.718085+00:00,2025-05-08T22:50:21.944071+00:00,Haas-VF2,HAAS-VF2,1,36D46A341E521DCDA4E15E05B6E3FF40,171
4B07DE6BDB16D70A458DB226073E0F03,gcode.ncode,N55,2025-05-08T22:50:22.796644+00:00,2025-05-08T22:50:22.924100+00:00,Haas-VF2,HAAS-VF2,1,13DF52F4A6D8F4E951161CACF4633DDA,N55
D7D80D4AB768FF05DC86568040ACD3A8,spindlespeed,6999.737548828125,2025-05-08T22:50:22.796706+00:00,2025-05-08T22:50:22.924135+00:00,Haas-VF2,HAAS-VF2,1,70E5DFCB0E62CBF43B100427E0671FDA,6999.737548828125
5D7F1F1058BEFD4F614EBC8FCD195BBE,pathfeedrate,40.0,2025-05-08T22:50:22.814599+00:00,2025-05-08T22:50:22.924142+00:00,Haas-VF2,HAAS-VF2,1,0D029646C219F862C033160876BC35A2,40.0
D746E23D7BD0887E218B2F84A04164DC,load,6,2025-05-08T22:50:23.785193+00:00,2025-05-08T22:50:23.970789+00:00,Haas-VF2,HAAS-VF2,1,E981AB9DD6494EC93097EC399F92940C,6
DBFCDA2B100FD95CB40CAA84D63692FC,gcode.ncode,N70,2025-05-08T22:50:23.833869+00:00,2025-05-08T22:50:23.970820+00:00,Haas-VF2,HAAS-VF2,1,13DF52F4A6D8F4E951161CACF4633DDA,N70
74E03ED9C57D622415B3B3DFE6F789A0,spindlespeed,6999.700927734375,2025-05-08T22:50:23.833938+00:00,2025-05-08T22:50:23.970832+00:00,Haas-VF2,HAAS-VF2,1,70E5DFCB0E62CBF43B100427E0671FDA,6999.700927734375
B68CB54FCE0ED07C307AD0DFE1D2DC09,load,14,2025-05-08T22:50:24.776592+00:00,2025-05-08T22:50:24.962350+00:00,Haas-VF2,HAAS-VF2,1,E981AB9DD6494EC93097EC399F92940C,14
4580AEEF85BD25467DB7DCF7821F1A63,gcode.ncode,N75,2025-05-08T22:50:24.849274+00:00,2025-05-08T22:50:24.962383+00:00,Haas-VF2,HAAS-VF2,1,13DF52F4A6D8F4E951161CACF4633DDA,N75
B030A1C4FC858856B0D431521B9136A7,spindlespeed,6999.188232421875,2025-05-08T22:50:24.849338+00:00,2025-05-08T22:50:24.962401+00:00,Haas-VF2,HAAS-VF2,1,70E5DFCB0E62CBF43B100427E0671FDA,6999.188232421875
5705C97327A621F40786424FA96F6852,pathfeedrate,105.0,2025-05-08T22:50:24.839788+00:00,2025-05-08T22:50:24.962411+00:00,Haas-VF2,HAAS-VF2,1,0D029646C219F862C033160876BC35A2,105.0
D945C95D1BDD50DDB437FD58632981F0,load,15,2025-05-08T22:50:25.774873+00:00,2025-05-08T22:50:25.943612+00:00,Haas-VF2,HAAS-VF2,1,E981AB9DD6494EC93097EC399F92940C,15
D04438DDCCCC02D4E8D514B60D464520,gcode.ncode,N80,2025-05-08T22:50:25.826002+00:00,2025-05-08T22:50:25.943631+00:00,Haas-VF2,HAAS-VF2,1,13DF52F4A6D8F4E951161CACF4633DDA,N80
83726231812E4D4239E3BE7B14349001,spindlespeed,6998.5565185546875,2025-05-08T22:50:25.826107+00:00,2025-05-08T22:50:25.943641+00:00,Haas-VF2,HAAS-VF2,1,70E5DFCB0E62CBF43B100427E0671FDA,6998.5565185546875
037B2A7307DD6F3D1BF655E286627411,load,14,2025-05-08T22:50:26.768988+00:00,2025-05-08T22:50:26.923984+00:00,Haas-VF2,HAAS-VF2,1,E981AB9DD6494EC93097EC399F92940C,14
51CE8CD2E594E71047599C88BEE6693A,spindlespeed,6999.737548828125,2025-05-08T22:50:26.806387+00:00,2025-05-08T22:50:26.924027+00:00,Haas-VF2,HAAS-VF2,1,70E5DFCB0E62CBF43B100427E0671FDA,6999.737548828125
8884DD7FA95DCFD638D052254CB960F7,load,7,2025-05-08T22:50:27.783850+00:00,2025-05-08T22:50:27.961528+00:00,Haas-VF2,HAAS-VF2,1,E981AB9DD6494EC93097EC399F92940C,7
6A38640475364591FAFE8EBD85BF60CE,spindlespeed,6999.6734619140625,2025-05-08T22:50:27.804839+00:00,2025-05-08T22:50:27.961587+00:00,Haas-VF2,HAAS-VF2,1,70E5DFCB0E62CBF43B100427E0671FDA,6999.6734619140625
43556E940FF2D9C4817CBE38D647B2D1,load,9,2025-05-08T22:50:28.774904+00:00,2025-05-08T22:50:28.936622+00:00,Haas-VF2,HAAS-VF2,1,E981AB9DD6494EC93097EC399F92940C,9
D5E1F428CD4D8AEAE51D0E1139055CB9,spindlespeed,7000.89111328125,2025-05-08T22:50:28.843761+00:00,2025-05-08T22:50:28.936658+00:00,Haas-VF2,HAAS-VF2,1,70E5DFCB0E62CBF43B100427E0671FDA,7000.89111328125
A512E8E7417EEEBC8B4FC5575B38F4F2,load,14,2025-05-08T22:50:29.773246+00:00,2025-05-08T22:50:29.990171+00:00,Haas-VF2,HAAS-VF2,1,E981AB9DD6494EC93097EC399F92940C,14
1CC85DA0FB49BD2A7137C353D3953962,gcode.ncode,N85,2025-05-08T22:50:29.823924+00:00,2025-05-08T22:50:29.990276+00:00,Haas-VF2,HAAS-VF2,1,13DF52F4A6D8F4E951161CACF4633DDA,N85
725FA09ABBEB026A4570966ABB01AB5A,spindlespeed,6999.4354248046875,2025-05-08T22:50:29.823997+00:00,2025-05-08T22:50:29.990307+00:00,Haas-VF2,HAAS-VF2,1,70E5DFCB0E62CBF43B100427E0671FDA,6999.4354248046875
58C4816A19A45471154BDD627CA12CA1,load,15,2025-05-08T22:50:30.773090+00:00,2025-05-08T22:50:30.969556+00:00,Haas-VF2,HAAS-VF2,1,E981AB9DD6494EC93097EC399F92940C,15
29AAEEB4C7D924C4B588679C5D41EF8E,gcode.ncode,N90,2025-05-08T22:50:30.816122+00:00,2025-05-08T22:50:30.969609+00:00,Haas-VF2,HAAS-VF2,1,13DF52F4A6D8F4E951161CACF4633DDA,N90
AD1AD3A6EC455F4D759ED60C82CFCF7D,spindlespeed,6999.4171142578125,2025-05-08T22:50:30.816195+00:00,2025-05-08T22:50:30.969622+00:00,Haas-VF2,HAAS-VF2,1,70E5DFCB0E62CBF43B100427E0671FDA,6999.4171142578125
DDA58E9FC3B0A42FF2B08C7342CBEF6C,spindlespeed,6999.5269775390625,2025-05-08T22:50:31.837129+00:00,2025-05-08T22:50:31.951210+00:00,Haas-VF2,HAAS-VF2,1,70E5DFCB0E62CBF43B100427E0671FDA,6999.5269775390625
B7B7CE565A5970E8E614FBFA71B38AB1,load,4,2025-05-08T22:50:32.777429+00:00,2025-05-08T22:50:32.947846+00:00,Haas-VF2,HAAS-VF2,1,E981AB9DD6494EC93097EC399F92940C,4
E7CB85CA8409C70B00AE43FB60B8F2FA,spindlespeed,6999.6917724609375,2025-05-08T22:50:32.872188+00:00,2025-05-08T22:50:32.947996+00:00,Haas-VF2,HAAS-VF2,1,70E5DFCB0E62CBF43B100427E0671FDA,6999.6917724609375
93DC1E903026DD9BAD467403AE259C9C,pathfeedrate,40.0,2025-05-08T22:50:32.837921+00:00,2025-05-08T22:50:32.948025+00:00,Haas-VF2,HAAS-VF2,1,0D029646C219F862C033160876BC35A2,40.0
A36516ECB7ADBB81B6F34632C722D935,load,82,2025-05-08T22:50:33.771412+00:00,2025-05-08T22:50:33.942629+00:00,Haas-VF2,HAAS-VF2,1,E981AB9DD6494EC93097EC399F92940C,82
2A78571ED667F4422B7295BA6C696AE8,gcode.ncode,N95,2025-05-08T22:50:33.826663+00:00,2025-05-08T22:50:33.942653+00:00,Haas-VF2,HAAS-VF2,1,13DF52F4A6D8F4E951161CACF4633DDA,N95
E51FC7DBF8561790910EA0CCD7C26220,spindlespeed,7000.0396728515625,2025-05-08T22:50:33.826724+00:00,2025-05-08T22:50:33.942661+00:00,Haas-VF2,HAAS-VF2,1,70E5DFCB0E62CBF43B100427E0671FDA,7000.0396728515625
F811E157A9E1221D3394DD90EF9C58BA,load,2,2025-05-08T22:50:34.770910+00:00,2025-05-08T22:50:34.940848+00:00,Haas-VF2,HAAS-VF2,1,E981AB9DD6494EC93097EC399F92940C,2
85C49FD5162CCDF9CC38A31862173A38,gcode.ncode,N115,2025-05-08T22:50:34.814995+00:00,2025-05-08T22:50:34.940871+00:00,Haas-VF2,HAAS-VF2,1,13DF52F4A6D8F4E951161CACF4633DDA,N115
2ABC4628F260E47F8B9DD93907A122F8,spindlespeed,3209.326171875,2025-05-08T22:50:34.815051+00:00,2025-05-08T22:50:34.940877+00:00,Haas-VF2,HAAS-VF2,1,70E5DFCB0E62CBF43B100427E0671FDA,3209.326171875
659EDE902B2DF9815ADE2A081E4C2B56,execution,STOPPED,2025-05-08T22:50:35.792092+00:00,2025-05-08T22:50:35.920603+00:00,Haas-VF2,HAAS-VF2,1,44C66283C2F94886BBBEA5BD88C8BF44,STOPPED
1A4A33999BB4517253DAE403CEEDBBC3,partcount,898,2025-05-08T22:50:35.792157+00:00,2025-05-08T22:50:35.920620+00:00,Haas-VF2,HAAS-VF2,1,19888D23893669DE81D5180E6890C4A9,898
6ECD44863575C102B31870D6FB58750E,gcode.programname,O02500,2025-05-08T22:50:44.836780+00:00,2025-05-08T22:50:44.933605+00:00,Haas-VF2,HAAS-VF2,1,1C73E861C929D618B43B3F1FBB14E072,O02500
872138016752D958B6D7BB50BE557C7D,execution,ACTIVE,2025-05-08T22:50:44.836711+00:00,2025-05-08T22:50:44.933624+00:00,Haas-VF2,HAAS-VF2,1,44C66283C2F94886BBBEA5BD88C8BF44,ACTIVE
D5F146EC4EC467BBE5ADBCF42763C320,toolnumber,171,2025-05-08T22:50:44.886898+00:00,2025-05-08T22:50:44.933631+00:00,Haas-VF2,HAAS-VF2,1,3D38368E6BF777E49AD6E83C69BCF77A,171
866E8A5A60E94D2A04BE0133BD50ABDA,gcode.toolSlotId,171,2025-05-08T22:50:44.718052+00:00,2025-05-08T22:50:44.933635+00:00,Haas-VF2,HAAS-VF2,1,36D46A341E521DCDA4E15E05B6E3FF40,171
7BCE7CB7963FF687B8DE15EF594D3B6C,gcode.ncode,N55,2025-05-08T22:50:45.821651+00:00,2025-05-08T22:50:45.948159+00:00,Haas-VF2,HAAS-VF2,1,13DF52F4A6D8F4E951161CACF4633DDA,N55
CEE0426AB3AC3804A9DADF6C323543EE,spindlespeed,6999.700927734375,2025-05-08T22:50:45.821715+00:00,2025-05-08T22:50:45.948200+00:00,Haas-VF2,HAAS-VF2,1,70E5DFCB0E62CBF43B100427E0671FDA,6999.700927734375
ECB3995E40B1E8994725167CC3DE5652,pathfeedrate,13.333,2025-05-08T22:50:45.837968+00:00,2025-05-08T22:50:45.948206+00:00,Haas-VF2,HAAS-VF2,1,0D029646C219F862C033160876BC35A2,13.333
3B0AA504BA1E5252DB914D2DAB40E6CE,load,4,2025-05-08T22:50:46.775363+00:00,2025-05-08T22:50:46.959056+00:00,Haas-VF2,HAAS-VF2,1,E981AB9DD6494EC93097EC399F92940C,4
BBAF1853B67BA65A345A98AF284E1678,gcode.ncode,N65,2025-05-08T22:50:46.798980+00:00,2025-05-08T22:50:46.959157+00:00,Haas-VF2,HAAS-VF2,1,13DF52F4A6D8F4E951161CACF4633DDA,N65
4659864A56D9E85DB4E067D6C90A9B7F,spindlespeed,6999.7467041015625,2025-05-08T22:50:46.799033+00:00,2025-05-08T22:50:46.959188+00:00,Haas-VF2,HAAS-VF2,1,70E5DFCB0E62CBF43B100427E0671FDA,6999.7467041015625
0B60EB6F4C3CBCC85D6D58906856A9F7,pathfeedrate,40.0,2025-05-08T22:50:46.834965+00:00,2025-05-08T22:50:46.959209+00:00,Haas-VF2,HAAS-VF2,1,0D029646C219F862C033160876BC35A2,40.0
50EA318857A4075AB72975034A9996C8,load,8,2025-05-08T22:50:47.772977+00:00,2025-05-08T22:50:47.938500+00:00,Haas-VF2,HAAS-VF2,1,E981AB9DD6494EC93097EC399F92940C,8
66A63DD1A2C56ACBF13B6D7A0DCFC480,gcode.ncode,N75,2025-05-08T22:50:47.808668+00:00,2025-05-08T22:50:47.938521+00:00,Haas-VF2,HAAS-VF2,1,13DF52F4A6D8F4E951161CACF4633DDA,N75
594A021C8548FE7044B04C466F190566,spindlespeed,6999.078369140625,2025-05-08T22:50:47.808759+00:00,2025-05-08T22:50:47.938540+00:00,Haas-VF2,HAAS-VF2,1,70E5DFCB0E62CBF43B100427E0671FDA,6999.078369140625
34F179184CDF01948B5E04771F0D93CB,load,16,2025-05-08T22:50:48.769232+00:00,2025-05-08T22:50:48.931185+00:00,Haas-VF2,HAAS-VF2,1,E981AB9DD6494EC93097EC399F92940C,16
AEBD4BE849ECD11B5AA14B3DE0B782A2,gcode.ncode,N80,2025-05-08T22:50:48.809084+00:00,2025-05-08T22:50:48.931206+00:00,Haas-VF2,HAAS-VF2,1,13DF52F4A6D8F4E951161CACF4633DDA,N80
5094DCCA40701228100B055A37CFA536,spindlespeed,6998.4832763671875,2025-05-08T22:50:48.809147+00:00,2025-05-08T22:50:48.931240+00:00,Haas-VF2,HAAS-VF2,1,70E5DFCB0E62CBF43B100427E0671FDA,6998.4832763671875
B4AE3F12B38F7ADCDE323CF09A706E98,pathfeedrate,105.0,2025-05-08T22:50:48.815959+00:00,2025-05-08T22:50:48.931255+00:00,Haas-VF2,HAAS-VF2,1,0D029646C219F862C033160876BC35A2,105.0
0177738F0B394D5415A52CAEA81D3A1B,load,15,2025-05-08T22:50:49.768565+00:00,2025-05-08T22:50:49.922847+00:00,Haas-VF2,HAAS-VF2,1,E981AB9DD6494EC93097EC399F92940C,15
5C4D8C08E15C4F75AAB360CECD789479,spindlespeed,6999.6734619140625,2025-05-08T22:50:49.789768+00:00,2025-05-08T22:50:49.922872+00:00,Haas-VF2,HAAS-VF2,1,70E5DFCB0E62CBF43B100427E0671FDA,6999.6734619140625
91285E2EB579E1FCA4C367F31AFD6B4C,load,14,2025-05-08T22:50:50.781532+00:00,2025-05-08T22:50:50.951877+00:00,Haas-VF2,HAAS-VF2,1,E981AB9DD6494EC93097EC399F92940C,14
1B0F71FE3677CEAC2B6BFC55A37813F0,spindlespeed,6999.664306640625,2025-05-08T22:50:50.790187+00:00,2025-05-08T22:50:50.951907+00:00,Haas-VF2,HAAS-VF2,1,70E5DFCB0E62CBF43B100427E0671FDA,6999.664306640625
FD112F905B36018BB2920822608B3C3B,load,4,2025-05-08T22:50:51.780126+00:00,2025-05-08T22:50:51.966527+00:00,Haas-VF2,HAAS-VF2,1,E981AB9DD6494EC93097EC399F92940C,4
6022058D198CA722B6EAB37536C3F679,spindlespeed,6999.755859375,2025-05-08T22:50:51.812696+00:00,2025-05-08T22:50:51.966551+00:00,Haas-VF2,HAAS-VF2,1,70E5DFCB0E62CBF43B100427E0671FDA,6999.755859375
849BE6C1A11798E961814B2882600D61,load,14,2025-05-08T22:50:52.775618+00:00,2025-05-08T22:50:52.936584+00:00,Haas-VF2,HAAS-VF2,1,E981AB9DD6494EC93097EC399F92940C,14
3166A24C0E9838D0B7D4E1FA9A6B1C6B,gcode.ncode,N85,2025-05-08T22:50:52.819677+00:00,2025-05-08T22:50:52.936607+00:00,Haas-VF2,HAAS-VF2,1,13DF52F4A6D8F4E951161CACF4633DDA,N85
49867A4D15E3CA8874E1ACF6A82F2D43,spindlespeed,7000.067138671875,2025-05-08T22:50:52.819750+00:00,2025-05-08T22:50:52.936615+00:00,Haas-VF2,HAAS-VF2,1,70E5DFCB0E62CBF43B100427E0671FDA,7000.067138671875
C1C9D170D9571A3625E6E81048C90129,gcode.ncode,N90,2025-05-08T22:50:53.805465+00:00,2025-05-08T22:50:53.926317+00:00,Haas-VF2,HAAS-VF2,1,13DF52F4A6D8F4E951161CACF4633DDA,N90
749575D5CCA3CADB18EC04C178B619B2,spindlespeed,6999.298095703125,2025-05-08T22:50:53.805517+00:00,2025-05-08T22:50:53.926340+00:00,Haas-VF2,HAAS-VF2,1,70E5DFCB0E62CBF43B100427E0671FDA,6999.298095703125
838573F7E3DF55B3AEE23E18FB8A4F76,load,15,2025-05-08T22:50:54.767407+00:00,2025-05-08T22:50:54.907433+00:00,Haas-VF2,HAAS-VF2,1,E981AB9DD6494EC93097EC399F92940C,15
0C03116D40F20B1D91AA018091B00555,spindlespeed,6999.517822265625,2025-05-08T22:50:54.850591+00:00,2025-05-08T22:50:54.907452+00:00,Haas-VF2,HAAS-VF2,1,70E5DFCB0E62CBF43B100427E0671FDA,6999.517822265625
F88F5FB790F21932F901230208D8909B,load,7,2025-05-08T22:50:55.766187+00:00,2025-05-08T22:50:55.950665+00:00,Haas-VF2,HAAS-VF2,1,E981AB9DD6494EC93097EC399F92940C,7
20E6DC28BEDE638D76D3E99695D0E366,spindlespeed,6999.755859375,2025-05-08T22:50:55.800356+00:00,2025-05-08T22:50:55.950704+00:00,Haas-VF2,HAAS-VF2,1,70E5DFCB0E62CBF43B100427E0671FDA,6999.755859375
34CE13E0BD6782DFAE1981695A320C37,load,164,2025-05-08T22:50:56.777483+00:00,2025-05-08T22:50:56.946357+00:00,Haas-VF2,HAAS-VF2,1,E981AB9DD6494EC93097EC399F92940C,164
A7617111369B6736FC21C9B83EBA5FC2,spindlespeed,7000.81787109375,2025-05-08T22:50:56.845820+00:00,2025-05-08T22:50:56.946374+00:00,Haas-VF2,HAAS-VF2,1,70E5DFCB0E62CBF43B100427E0671FDA,7000.81787109375
55BBD59D353A6A046E134D440CA389A3,pathfeedrate,40.0,2025-05-08T22:50:56.838533+00:00,2025-05-08T22:50:56.946380+00:00,Haas-VF2,HAAS-VF2,1,0D029646C219F862C033160876BC35A2,40.0
20F52569D88EEDA8C90C31D13570AD2F,load,4,2025-05-08T22:50:57.770005+00:00,2025-05-08T22:50:57.940455+00:00,Haas-VF2,HAAS-VF2,1,E981AB9DD6494EC93097EC399F92940C,4
663A1E6B49B73C0D918174DA05762B4D,gcode.ncode,N115,2025-05-08T22:50:57.802250+00:00,2025-05-08T22:50:57.940476+00:00,Haas-VF2,HAAS-VF2,1,13DF52F4A6D8F4E951161CACF4633DDA,N115
05E1C28AFDAEA7492D45CF521D577FA3,spindlespeed,5948.1903076171875,2025-05-08T22:50:57.802316+00:00,2025-05-08T22:50:57.940481+00:00,Haas-VF2,HAAS-VF2,1,70E5DFCB0E62CBF43B100427E0671FDA,5948.1903076171875
ED4A373FE4B8C4FDC0E055BA85824003,load,1,2025-05-08T22:50:58.778744+00:00,2025-05-08T22:50:58.930670+00:00,Haas-VF2,HAAS-VF2,1,E981AB9DD6494EC93097EC399F92940C,1
AA1B39BF6A182C52348C4B7D9412D075,gcode.ncode,N120,2025-05-08T22:50:58.809638+00:00,2025-05-08T22:50:58.930697+00:00,Haas-VF2,HAAS-VF2,1,13DF52F4A6D8F4E951161CACF4633DDA,N120
715EE15078106A4CE30C8A1B5C7A9764,spindlespeed,0.4852294921875,2025-05-08T22:50:58.809694+00:00,2025-05-08T22:50:58.930704+00:00,Haas-VF2,HAAS-VF2,1,70E5DFCB0E62CBF43B100427E0671FDA,0.4852294921875
F966307214F321B612D4FF30CFB9E435,pathfeedrate,0.0,2025-05-08T22:50:58.838617+00:00,2025-05-08T22:50:58.930709+00:00,Haas-VF2,HAAS-VF2,1,0D029646C219F862C033160876BC35A2,0.0
4C9F8ADB355E4AA2138FCDB3550E17A9,execution,STOPPED,2025-05-08T22:50:59.810112+00:00,2025-05-08T22:50:59.930015+00:00,Haas-VF2,HAAS-VF2,1,44C66283C2F94886BBBEA5BD88C8BF44,STOPPED
65FB1ECF977F4CD25B51B93E205A23F7,partcount,899,2025-05-08T22:50:59.810195+00:00,2025-05-08T22:50:59.930034+00:00,Haas-VF2,HAAS-VF2,1,19888D23893669DE81D5180E6890C4A9,899
563856843D5646400496E39CE830B192,gcode.programname,O02500,2025-05-08T22:51:07.823346+00:00,2025-05-08T22:51:07.935039+00:00,Haas-VF2,HAAS-VF2,1,1C73E861C929D618B43B3F1FBB14E072,O02500
19A53EF8708DC11D3682D2B4578214CD,execution,ACTIVE,2025-05-08T22:51:07.823284+00:00,2025-05-08T22:51:07.935076+00:00,Haas-VF2,HAAS-VF2,1,44C66283C2F94886BBBEA5BD88C8BF44,ACTIVE
46827CCCE2A9278B417BDDB2951845CE,toolnumber,171,2025-05-08T22:51:07.872084+00:00,2025-05-08T22:51:07.935092+00:00,Haas-VF2,HAAS-VF2,1,3D38368E6BF777E49AD6E83C69BCF77A,171
58B914CB512C99E6656A51FB7BA52393,gcode.toolSlotId,171,2025-05-08T22:51:07.718049+00:00,2025-05-08T22:51:07.935107+00:00,Haas-VF2,HAAS-VF2,1,36D46A341E521DCDA4E15E05B6E3FF40,171
09E3A2147375F8014F0377046C4A3A9C,gcode.ncode,N55,2025-05-08T22:51:08.834616+00:00,2025-05-08T22:51:08.943283+00:00,Haas-VF2,HAAS-VF2,1,13DF52F4A6D8F4E951161CACF4633DDA,N55
516703063C3AF4B801E2A5E2EE2571A3,spindlespeed,6999.755859375,2025-05-08T22:51:08.834732+00:00,2025-05-08T22:51:08.943309+00:00,Haas-VF2,HAAS-VF2,1,70E5DFCB0E62CBF43B100427E0671FDA,6999.755859375
2C3D583EF93114F153639B0F7CE3DEDD,pathfeedrate,40.0,2025-05-08T22:51:08.821781+00:00,2025-05-08T22:51:08.943316+00:00,Haas-VF2,HAAS-VF2,1,0D029646C219F862C033160876BC35A2,40.0
AAB4B7B707FBB47B9BF6EBC42190C5FF,load,6,2025-05-08T22:51:09.784090+00:00,2025-05-08T22:51:09.933133+00:00,Haas-VF2,HAAS-VF2,1,E981AB9DD6494EC93097EC399F92940C,6
5DDCE14CCD5B65E6A93F458A27328D47,gcode.ncode,N75,2025-05-08T22:51:09.809186+00:00,2025-05-08T22:51:09.933152+00:00,Haas-VF2,HAAS-VF2,1,13DF52F4A6D8F4E951161CACF4633DDA,N75
F5AF238C99B4F8A0D16027BD9CC79711,spindlespeed,6999.7283935546875,2025-05-08T22:51:09.809248+00:00,2025-05-08T22:51:09.933156+00:00,Haas-VF2,HAAS-VF2,1,70E5DFCB0E62CBF43B100427E0671FDA,6999.7283935546875
49376DF98D2B469ECF81FD4ACF2C3151,load,14,2025-05-08T22:51:10.783707+00:00,2025-05-08T22:51:10.936505+00:00,Haas-VF2,HAAS-VF2,1,E981AB9DD6494EC93097EC399F92940C,14
CBA3F82A135CCBDC5157209A89410D4A,spindlespeed,6999.005126953125,2025-05-08T22:51:10.822444+00:00,2025-05-08T22:51:10.936536+00:00,Haas-VF2,HAAS-VF2,1,70E5DFCB0E62CBF43B100427E0671FDA,6999.005126953125
C8BF007938CFD4D981C9B9AAA7F1F7BE,pathfeedrate,105.0,2025-05-08T22:51:10.843509+00:00,2025-05-08T22:51:10.936542+00:00,Haas-VF2,HAAS-VF2,1,0D029646C219F862C033160876BC35A2,105.0
85148D3BF93EDF7CB0080AC62FD25F90,load,15,2025-05-08T22:51:11.776023+00:00,2025-05-08T22:51:11.961818+00:00,Haas-VF2,HAAS-VF2,1,E981AB9DD6494EC93097EC399F92940C,15
5273464ACB923EADD11B4F0EFBBB3A13,gcode.ncode,N80,2025-05-08T22:51:11.826350+00:00,2025-05-08T22:51:11.961837+00:00,Haas-VF2,HAAS-VF2,1,13DF52F4A6D8F4E951161CACF4633DDA,N80
5DA3189AA2D7F85A7436215BE86B3023,spindlespeed,6999.42626953125,2025-05-08T22:51:11.826406+00:00,2025-05-08T22:51:11.961844+00:00,Haas-VF2,HAAS-VF2,1,70E5DFCB0E62CBF43B100427E0671FDA,6999.42626953125
F6B03EE851CFCF135B30F9101B6A0FBA,spindlespeed,6999.6002197265625,2025-05-08T22:51:12.805558+00:00,2025-05-08T22:51:12.957710+00:00,Haas-VF2,HAAS-VF2,1,70E5DFCB0E62CBF43B100427E0671FDA,6999.6002197265625
0CCFB42F8C90B3F3CBE8E5A387171BD9,load,7,2025-05-08T22:51:13.773466+00:00,2025-05-08T22:51:13.945590+00:00,Haas-VF2,HAAS-VF2,1,E981AB9DD6494EC93097EC399F92940C,7
DBEF9E807E0A39FAF7EBD03A8F63F6D6,spindlespeed,6999.7833251953125,2025-05-08T22:51:13.818523+00:00,2025-05-08T22:51:13.945608+00:00,Haas-VF2,HAAS-VF2,1,70E5DFCB0E62CBF43B100427E0671FDA,6999.7833251953125
79E9734BCA1553A164463462EBEAD8B3,load,9,2025-05-08T22:51:14.773922+00:00,2025-05-08T22:51:14.957738+00:00,Haas-VF2,HAAS-VF2,1,E981AB9DD6494EC93097EC399F92940C,9
8B1A4A1255E8018EEE87EDE19B61A734,spindlespeed,7001.7425537109375,2025-05-08T22:51:14.863247+00:00,2025-05-08T22:51:14.957767+00:00,Haas-VF2,HAAS-VF2,1,70E5DFCB0E62CBF43B100427E0671FDA,7001.7425537109375
1626BC7716FA0E3A7306C6F2B71568D5,load,14,2025-05-08T22:51:15.771318+00:00,2025-05-08T22:51:15.954461+00:00,Haas-VF2,HAAS-VF2,1,E981AB9DD6494EC93097EC399F92940C,14
BD0035B67E725790A8E21F43533C2CCC,gcode.ncode,N85,2025-05-08T22:51:15.841267+00:00,2025-05-08T22:51:15.954485+00:00,Haas-VF2,HAAS-VF2,1,13DF52F4A6D8F4E951161CACF4633DDA,N85
42AD3DAF314528EBB762143170A6E77D,spindlespeed,6998.2818603515625,2025-05-08T22:51:15.841321+00:00,2025-05-08T22:51:15.954501+00:00,Haas-VF2,HAAS-VF2,1,70E5DFCB0E62CBF43B100427E0671FDA,6998.2818603515625
3E98AE08E27FB8E9A664933B568FC483,load,15,2025-05-08T22:51:16.784222+00:00,2025-05-08T22:51:16.953498+00:00,Haas-VF2,HAAS-VF2,1,E981AB9DD6494EC93097EC399F92940C,15
B449A2FE022E52FA4AB7116A6BBCA505,gcode.ncode,N90,2025-05-08T22:51:16.817359+00:00,2025-05-08T22:51:16.953515+00:00,Haas-VF2,HAAS-VF2,1,13DF52F4A6D8F4E951161CACF4633DDA,N90
C6E7E06B45029F9BCEA7E55E02974B46,spindlespeed,6999.57275390625,2025-05-08T22:51:16.817430+00:00,2025-05-08T22:51:16.953520+00:00,Haas-VF2,HAAS-VF2,1,70E5DFCB0E62CBF43B100427E0671FDA,6999.57275390625
618C3168FC285697CE8898A32B9D5F06,spindlespeed,6999.5635986328125,2025-05-08T22:51:17.827318+00:00,2025-05-08T22:51:17.921785+00:00,Haas-VF2,HAAS-VF2,1,70E5DFCB0E62CBF43B100427E0671FDA,6999.5635986328125
AE5FB827C7E0976D35D79C07B63EBDF0,load,4,2025-05-08T22:51:18.774205+00:00,2025-05-08T22:51:18.943026+00:00,Haas-VF2,HAAS-VF2,1,E981AB9DD6494EC93097EC399F92940C,4
CCED417C109E5ED0FB0213518909C43C,spindlespeed,6999.700927734375,2025-05-08T22:51:18.805962+00:00,2025-05-08T22:51:18.943051+00:00,Haas-VF2,HAAS-VF2,1,70E5DFCB0E62CBF43B100427E0671FDA,6999.700927734375
7DD2C9C32C84D67125C181EADA45E898,pathfeedrate,40.0,2025-05-08T22:51:18.826094+00:00,2025-05-08T22:51:18.943057+00:00,Haas-VF2,HAAS-VF2,1,0D029646C219F862C033160876BC35A2,40.0
28439A3571105194EDF13DAFE56E669C,load,90,2025-05-08T22:51:19.783784+00:00,2025-05-08T22:51:19.968467+00:00,Haas-VF2,HAAS-VF2,1,E981AB9DD6494EC93097EC399F92940C,90
17EDBD365D82D64EDF68E3116663D684,gcode.ncode,N95,2025-05-08T22:51:19.805478+00:00,2025-05-08T22:51:19.968490+00:00,Haas-VF2,HAAS-VF2,1,13DF52F4A6D8F4E951161CACF4633DDA,N95
3F19FBF787795B08DECD6379215E3AF2,spindlespeed,6999.993896484375,2025-05-08T22:51:19.805539+00:00,2025-05-08T22:51:19.968499+00:00,Haas-VF2,HAAS-VF2,1,70E5DFCB0E62CBF43B100427E0671FDA,6999.993896484375
C3E5159323C173509227206AC8798C3E,load,3,2025-05-08T22:51:20.769049+00:00,2025-05-08T22:51:20.953628+00:00,Haas-VF2,HAAS-VF2,1,E981AB9DD6494EC93097EC399F92940C,3
C4637F51DC42B2ED6FE7A0A14CFF7195,gcode.ncode,N120,2025-05-08T22:51:20.808771+00:00,2025-05-08T22:51:20.953646+00:00,Haas-VF2,HAAS-VF2,1,13DF52F4A6D8F4E951161CACF4633DDA,N120
74ACD791F047F21FEBD7C8DA99F6E95C,spindlespeed,9.0362548828125,2025-05-08T22:51:20.808852+00:00,2025-05-08T22:51:20.953651+00:00,Haas-VF2,HAAS-VF2,1,70E5DFCB0E62CBF43B100427E0671FDA,9.0362548828125
B21CB9C230FBC1B785C12ED3849A68CD,execution,STOPPED,2025-05-08T22:51:21.818476+00:00,2025-05-08T22:51:21.951865+00:00,Haas-VF2,HAAS-VF2,1,44C66283C2F94886BBBEA5BD88C8BF44,STOPPED
62F8DACAE3622789210D669315CCAB40,partcount,900,2025-05-08T22:51:21.818557+00:00,2025-05-08T22:51:21.951887+00:00,Haas-VF2,HAAS-VF2,1,19888D23893669DE81D5180E6890C4A9,900
BF4619C42A1FF58EE9BFD70F76EA8FDC,gcode.programname,O02500,2025-05-08T22:51:27.856397+00:00,2025-05-08T22:51:27.962957+00:00,Haas-VF2,HAAS-VF2,1,1C73E861C929D618B43B3F1FBB14E072,O02500
464095B969E0F390F91FCAD65C066B50,execution,ACTIVE,2025-05-08T22:51:27.856290+00:00,2025-05-08T22:51:27.962979+00:00,Haas-VF2,HAAS-VF2,1,44C66283C2F94886BBBEA5BD88C8BF44,ACTIVE
5F21F0BA6FF0B0F21F0DB7E7264B24BD,toolnumber,171,2025-05-08T22:51:27.906854+00:00,2025-05-08T22:51:27.962984+00:00,Haas-VF2,HAAS-VF2,1,3D38368E6BF777E49AD6E83C69BCF77A,171
648CD0A2CD9759D318D2BD308B57410B,gcode.toolSlotId,171,2025-05-08T22:51:27.718085+00:00,2025-05-08T22:51:27.962988+00:00,Haas-VF2,HAAS-VF2,1,36D46A341E521DCDA4E15E05B6E3FF40,171
168DB9F25522A6678AA5350D06B6E035,spindlespeed,6999.7467041015625,2025-05-08T22:51:28.864544+00:00,2025-05-08T22:51:28.950395+00:00,Haas-VF2,HAAS-VF2,1,70E5DFCB0E62CBF43B100427E0671FDA,6999.7467041015625
8BD8B304492E780C5D44111D12946B7B,gcode.ncode,N60,2025-05-08T22:51:29.851591+00:00,2025-05-08T22:51:29.933450+00:00,Haas-VF2,HAAS-VF2,1,13DF52F4A6D8F4E951161CACF4633DDA,N60
02BAE975D61002AC88402AB37387539C,spindlespeed,6999.261474609375,2025-05-08T22:51:29.851648+00:00,2025-05-08T22:51:29.933476+00:00,Haas-VF2,HAAS-VF2,1,70E5DFCB0E62CBF43B100427E0671FDA,6999.261474609375
8FEDD11F7ABD358B3789B6DD689E1BEA,pathfeedrate,40.0,2025-05-08T22:51:29.839179+00:00,2025-05-08T22:51:29.933484+00:00,Haas-VF2,HAAS-VF2,1,0D029646C219F862C033160876BC35A2,40.0
14A08D3B0477B18AE3526938813C40B9,load,12,2025-05-08T22:51:30.774679+00:00,2025-05-08T22:51:30.945498+00:00,Haas-VF2,HAAS-VF2,1,E981AB9DD6494EC93097EC399F92940C,12
FAE47EA5DECEA72B7A4C5BE0F57D8779,gcode.ncode,N75,2025-05-08T22:51:30.789638+00:00,2025-05-08T22:51:30.945515+00:00,Haas-VF2,HAAS-VF2,1,13DF52F4A6D8F4E951161CACF4633DDA,N75
1DE95D67E2BA1F169E23664AD7FD5FC9,spindlespeed,6998.2818603515625,2025-05-08T22:51:30.789702+00:00,2025-05-08T22:51:30.945520+00:00,Haas-VF2,HAAS-VF2,1,70E5DFCB0E62CBF43B100427E0671FDA,6998.2818603515625
C058215EE7BBE51E08246218B59BA2F1,load,23,2025-05-08T22:51:31.770224+00:00,2025-05-08T22:51:31.940021+00:00,Haas-VF2,HAAS-VF2,1,E981AB9DD6494EC93097EC399F92940C,23
7999A54F8B25F833A0FCF7753DE7AA5A,spindlespeed,6999.20654296875,2025-05-08T22:51:31.824200+00:00,2025-05-08T22:51:31.940054+00:00,Haas-VF2,HAAS-VF2,1,70E5DFCB0E62CBF43B100427E0671FDA,6999.20654296875
7047AE9123A6E41E29CC9A3088A5716D,pathfeedrate,105.0,2025-05-08T22:51:31.832096+00:00,2025-05-08T22:51:31.940062+00:00,Haas-VF2,HAAS-VF2,1,0D029646C219F862C033160876BC35A2,105.0
DB7DB12E3737660C54BBAE402A078512,load,22,2025-05-08T22:51:32.767303+00:00,2025-05-08T22:51:32.915009+00:00,Haas-VF2,HAAS-VF2,1,E981AB9DD6494EC93097EC399F92940C,22
2D23F0B1B338A43B7026B353FB0C0F39,gcode.ncode,N80,2025-05-08T22:51:32.817127+00:00,2025-05-08T22:51:32.915037+00:00,Haas-VF2,HAAS-VF2,1,13DF52F4A6D8F4E951161CACF4633DDA,N80
675FE667D05EAB3922FF5DBD2C7F0147,spindlespeed,6997.9522705078125,2025-05-08T22:51:32.817187+00:00,2025-05-08T22:51:32.915046+00:00,Haas-VF2,HAAS-VF2,1,70E5DFCB0E62CBF43B100427E0671FDA,6997.9522705078125
4E512B153CA76749A071832C6A5F13CD,spindlespeed,6999.8291015625,2025-05-08T22:51:33.799099+00:00,2025-05-08T22:51:33.968001+00:00,Haas-VF2,HAAS-VF2,1,70E5DFCB0E62CBF43B100427E0671FDA,6999.8291015625
E5A115771671C05E78116655BF711758,load,6,2025-05-08T22:51:34.778906+00:00,2025-05-08T22:51:34.950209+00:00,Haas-VF2,HAAS-VF2,1,E981AB9DD6494EC93097EC399F92940C,6
8B6A89D7A43D085E6F6B328B855A8DBD,spindlespeed,6999.554443359375,2025-05-08T22:51:34.807089+00:00,2025-05-08T22:51:34.950227+00:00,Haas-VF2,HAAS-VF2,1,70E5DFCB0E62CBF43B100427E0671FDA,6999.554443359375
247D5161DDDA2295D461C8A9D5D699FF,load,22,2025-05-08T22:51:35.779191+00:00,2025-05-08T22:51:35.964431+00:00,Haas-VF2,HAAS-VF2,1,E981AB9DD6494EC93097EC399F92940C,22
1744660303AD1995204811F355BF65F7,spindlespeed,7001.806640625,2025-05-08T22:51:35.880330+00:00,2025-05-08T22:51:35.964461+00:00,Haas-VF2,HAAS-VF2,1,70E5DFCB0E62CBF43B100427E0671FDA,7001.806640625
5A91759F158301851EE93D5498E62388,load,21,2025-05-08T22:51:36.777031+00:00,2025-05-08T22:51:36.959346+00:00,Haas-VF2,HAAS-VF2,1,E981AB9DD6494EC93097EC399F92940C,21
5BB2F143EE09926C89618E52BDF05938,gcode.ncode,N90,2025-05-08T22:51:36.813188+00:00,2025-05-08T22:51:36.959371+00:00,Haas-VF2,HAAS-VF2,1,13DF52F4A6D8F4E951161CACF4633DDA,N90
41D851F1CBBC9BD4D7DE0FFC8722AD7A,spindlespeed,6997.210693359375,2025-05-08T22:51:36.813248+00:00,2025-05-08T22:51:36.959378+00:00,Haas-VF2,HAAS-VF2,1,70E5DFCB0E62CBF43B100427E0671FDA,6997.210693359375
FD2FDE98E777384D6DE9CEE15CD4889D,spindlespeed,6999.810791015625,2025-05-08T22:51:37.836571+00:00,2025-05-08T22:51:37.967603+00:00,Haas-VF2,HAAS-VF2,1,70E5DFCB0E62CBF43B100427E0671FDA,6999.810791015625
EFDF8689626917C4EAD6D6C16FB12B88,load,14,2025-05-08T22:51:38.781275+00:00,2025-05-08T22:51:38.950514+00:00,Haas-VF2,HAAS-VF2,1,E981AB9DD6494EC93097EC399F92940C,14
CF660B45B4D3F84AC09BB9BD0309472D,spindlespeed,6999.4903564453125,2025-05-08T22:51:38.825192+00:00,2025-05-08T22:51:38.950581+00:00,Haas-VF2,HAAS-VF2,1,70E5DFCB0E62CBF43B100427E0671FDA,6999.4903564453125
F9CE3C50F9B4A16498D743DB99EF8517,load,3,2025-05-08T22:51:39.775409+00:00,2025-05-08T22:51:39.959402+00:00,Haas-VF2,HAAS-VF2,1,E981AB9DD6494EC93097EC399F92940C,3
38A8518D3E875F7606118C02655CF8B7,spindlespeed,7002.8961181640625,2025-05-08T22:51:39.881609+00:00,2025-05-08T22:51:39.959421+00:00,Haas-VF2,HAAS-VF2,1,70E5DFCB0E62CBF43B100427E0671FDA,7002.8961181640625
08CCBC86DDFBE4610CCB7DB6E5C64AD6,pathfeedrate,40.0,2025-05-08T22:51:39.837730+00:00,2025-05-08T22:51:39.959427+00:00,Haas-VF2,HAAS-VF2,1,0D029646C219F862C033160876BC35A2,40.0
1478B04BA92B1A82F6AB9A619C69D207,load,9,2025-05-08T22:51:40.781567+00:00,2025-05-08T22:51:40.933299+00:00,Haas-VF2,HAAS-VF2,1,E981AB9DD6494EC93097EC399F92940C,9
B2FD69571E5C06748E70FC88662216A1,gcode.ncode,N115,2025-05-08T22:51:40.862971+00:00,2025-05-08T22:51:40.933321+00:00,Haas-VF2,HAAS-VF2,1,13DF52F4A6D8F4E951161CACF4633DDA,N115
7102161677B6AB29249ED376488326E7,spindlespeed,6999.737548828125,2025-05-08T22:51:40.863032+00:00,2025-05-08T22:51:40.933328+00:00,Haas-VF2,HAAS-VF2,1,70E5DFCB0E62CBF43B100427E0671FDA,6999.737548828125
728816A001F65F708682C877E603E37D,load,1,2025-05-08T22:51:41.769735+00:00,2025-05-08T22:51:41.908951+00:00,Haas-VF2,HAAS-VF2,1,E981AB9DD6494EC93097EC399F92940C,1
87CF36239087E3D4F6F1CD5040FAD832,gcode.ncode,N120,2025-05-08T22:51:41.857515+00:00,2025-05-08T22:51:41.908982+00:00,Haas-VF2,HAAS-VF2,1,13DF52F4A6D8F4E951161CACF4633DDA,N120
BB43CE3F701FA6E43CC84A75773D1BC7,spindlespeed,0.3387451171875,2025-05-08T22:51:41.857583+00:00,2025-05-08T22:51:41.908990+00:00,Haas-VF2,HAAS-VF2,1,70E5DFCB0E62CBF43B100427E0671FDA,0.3387451171875
80FD2DDAD32B3A8B9B657363EFFFBEB7,pathfeedrate,0.0,2025-05-08T22:51:41.816342+00:00,2025-05-08T22:51:41.908996+00:00,Haas-VF2,HAAS-VF2,1,0D029646C219F862C033160876BC35A2,0.0
09D8423E175380EE8F176CA753D2897C,load,0,2025-05-08T22:51:42.768276+00:00,2025-05-08T22:51:42.952630+00:00,Haas-VF2,HAAS-VF2,1,E981AB9DD6494EC93097EC399F92940C,0
A90828C7387B9802D9B86B50B962C856,execution,STOPPED,2025-05-08T22:51:43.792018+00:00,2025-05-08T22:51:43.948585+00:00,Haas-VF2,HAAS-VF2,1,44C66283C2F94886BBBEA5BD88C8BF44,STOPPED
1C6152CF48EA9AD1294C0B0B373A48D3,partcount,901,2025-05-08T22:51:43.792100+00:00,2025-05-08T22:51:43.948607+00:00,Haas-VF2,HAAS-VF2,1,19888D23893669DE81D5180E6890C4A9,901
4E625B09D03F2E4D33DD115C41E05307,gcode.programname,O02500,2025-05-08T22:51:48.848116+00:00,2025-05-08T22:51:48.948142+00:00,Haas-VF2,HAAS-VF2,1,1C73E861C929D618B43B3F1FBB14E072,O02500
FE0EAEBFBF86CE05A81DFBCDB743C20C,execution,ACTIVE,2025-05-08T22:51:48.848045+00:00,2025-05-08T22:51:48.948164+00:00,Haas-VF2,HAAS-VF2,1,44C66283C2F94886BBBEA5BD88C8BF44,ACTIVE
06A432B46542B2195301B6DC156F9BFE,toolnumber,171,2025-05-08T22:51:48.885177+00:00,2025-05-08T22:51:48.948170+00:00,Haas-VF2,HAAS-VF2,1,3D38368E6BF777E49AD6E83C69BCF77A,171
1E352BD765909EA1B087ABAFEDA41714,gcode.toolSlotId,171,2025-05-08T22:51:48.718055+00:00,2025-05-08T22:51:48.948174+00:00,Haas-VF2,HAAS-VF2,1,36D46A341E521DCDA4E15E05B6E3FF40,171
5A690C11B0ED31AECEF2991F29CF8B07,gcode.ncode,N55,2025-05-08T22:51:49.792922+00:00,2025-05-08T22:51:49.946012+00:00,Haas-VF2,HAAS-VF2,1,13DF52F4A6D8F4E951161CACF4633DDA,N55
5609B32AD767723D02FABD8B9B22E2DA,spindlespeed,6999.700927734375,2025-05-08T22:51:49.792996+00:00,2025-05-08T22:51:49.946036+00:00,Haas-VF2,HAAS-VF2,1,70E5DFCB0E62CBF43B100427E0671FDA,6999.700927734375
1A26BF0C9CC3CDB4C9B131BCE972500D,pathfeedrate,13.333,2025-05-08T22:51:49.833638+00:00,2025-05-08T22:51:49.946045+00:00,Haas-VF2,HAAS-VF2,1,0D029646C219F862C033160876BC35A2,13.333
E5180D15BB9EB5D5112FAE0A2C3F7DFE,load,7,2025-05-08T22:51:50.787132+00:00,2025-05-08T22:51:50.955234+00:00,Haas-VF2,HAAS-VF2,1,E981AB9DD6494EC93097EC399F92940C,7
080963228D99806A9B4AEA314D9ADF3E,gcode.ncode,N70,2025-05-08T22:51:50.922817+00:00,2025-05-08T22:51:50.955257+00:00,Haas-VF2,HAAS-VF2,1,13DF52F4A6D8F4E951161CACF4633DDA,N70
F270579D33F30A163FD6E6FB1A6E2284,spindlespeed,6999.6917724609375,2025-05-08T22:51:50.922879+00:00,2025-05-08T22:51:50.955264+00:00,Haas-VF2,HAAS-VF2,1,70E5DFCB0E62CBF43B100427E0671FDA,6999.6917724609375
92CC135EE708106623D08553DDED8A36,pathfeedrate,40.0,2025-05-08T22:51:50.847278+00:00,2025-05-08T22:51:50.955270+00:00,Haas-VF2,HAAS-VF2,1,0D029646C219F862C033160876BC35A2,40.0
03B6CD6D22689C941A0DD056506B67BB,load,14,2025-05-08T22:51:51.766743+00:00,2025-05-08T22:51:51.906241+00:00,Haas-VF2,HAAS-VF2,1,E981AB9DD6494EC93097EC399F92940C,14
9EC32012E8CB94656FE32D82AF52FD81,gcode.ncode,N75,2025-05-08T22:51:51.822816+00:00,2025-05-08T22:51:51.906297+00:00,Haas-VF2,HAAS-VF2,1,13DF52F4A6D8F4E951161CACF4633DDA,N75
63785FD6123B24DD6A532ACCB022318F,spindlespeed,6998.748779296875,2025-05-08T22:51:51.822894+00:00,2025-05-08T22:51:51.906321+00:00,Haas-VF2,HAAS-VF2,1,70E5DFCB0E62CBF43B100427E0671FDA,6998.748779296875
BA2D854132C893C1ECD795F76D065AA8,pathfeedrate,105.0,2025-05-08T22:51:51.812592+00:00,2025-05-08T22:51:51.906339+00:00,Haas-VF2,HAAS-VF2,1,0D029646C219F862C033160876BC35A2,105.0
F2ED343581229A9BC239ECACF6CE1883,load,22,2025-05-08T22:51:52.776255+00:00,2025-05-08T22:51:52.944729+00:00,Haas-VF2,HAAS-VF2,1,E981AB9DD6494EC93097EC399F92940C,22
61568530F07933DCAEB205E6EFF10CF5,gcode.ncode,N80,2025-05-08T22:51:52.860346+00:00,2025-05-08T22:51:52.944805+00:00,Haas-VF2,HAAS-VF2,1,13DF52F4A6D8F4E951161CACF4633DDA,N80
B17ABD4F07E0A02CB0CFEB1946ED42B8,spindlespeed,6996.295166015625,2025-05-08T22:51:52.860399+00:00,2025-05-08T22:51:52.944837+00:00,Haas-VF2,HAAS-VF2,1,70E5DFCB0E62CBF43B100427E0671FDA,6996.295166015625
3688FE3CFF18673F5FDEC31492E3171E,spindlespeed,6999.847412109375,2025-05-08T22:51:53.788530+00:00,2025-05-08T22:51:53.939858+00:00,Haas-VF2,HAAS-VF2,1,70E5DFCB0E62CBF43B100427E0671FDA,6999.847412109375
9CFE774116CCBBE12270569C18823FE3,spindlespeed,6999.6917724609375,2025-05-08T22:51:54.834016+00:00,2025-05-08T22:51:54.939961+00:00,Haas-VF2,HAAS-VF2,1,70E5DFCB0E62CBF43B100427E0671FDA,6999.6917724609375
28A776BF7893F4844B29C7CEECFBF671,load,6,2025-05-08T22:51:55.771824+00:00,2025-05-08T22:51:55.937184+00:00,Haas-VF2,HAAS-VF2,1,E981AB9DD6494EC93097EC399F92940C,6
BDC888F474868A46E97D1004703DA9E9,spindlespeed,6999.6734619140625,2025-05-08T22:51:55.851943+00:00,2025-05-08T22:51:55.937206+00:00,Haas-VF2,HAAS-VF2,1,70E5DFCB0E62CBF43B100427E0671FDA,6999.6734619140625
E45F5BD4E8202B38BB021F25AD520A62,load,22,2025-05-08T22:51:56.779479+00:00,2025-05-08T22:51:56.964057+00:00,Haas-VF2,HAAS-VF2,1,E981AB9DD6494EC93097EC399F92940C,22
73158C22762BFE07277FDC6B5F0FC03E,gcode.ncode,N85,2025-05-08T22:51:56.795173+00:00,2025-05-08T22:51:56.964092+00:00,Haas-VF2,HAAS-VF2,1,13DF52F4A6D8F4E951161CACF4633DDA,N85
AE99BA749481AFC8DD1FCA098FAF9E69,spindlespeed,7000.048828125,2025-05-08T22:51:56.795249+00:00,2025-05-08T22:51:56.964098+00:00,Haas-VF2,HAAS-VF2,1,70E5DFCB0E62CBF43B100427E0671FDA,7000.048828125
A4A463B976C8BEDEC939897E8C252ABD,load,20,2025-05-08T22:51:57.769046+00:00,2025-05-08T22:51:57.922862+00:00,Haas-VF2,HAAS-VF2,1,E981AB9DD6494EC93097EC399F92940C,20
7A3D22ED0D30067714244818488B9207,gcode.ncode,N90,2025-05-08T22:51:57.790209+00:00,2025-05-08T22:51:57.922886+00:00,Haas-VF2,HAAS-VF2,1,13DF52F4A6D8F4E951161CACF4633DDA,N90
E8659A3AC8B96FF56CE36DD462EA0283,spindlespeed,6999.6734619140625,2025-05-08T22:51:57.790261+00:00,2025-05-08T22:51:57.922894+00:00,Haas-VF2,HAAS-VF2,1,70E5DFCB0E62CBF43B100427E0671FDA,6999.6734619140625
F7AB015469FE85638E79EB34C95F4770,spindlespeed,6999.6185302734375,2025-05-08T22:51:58.805591+00:00,2025-05-08T22:51:58.965355+00:00,Haas-VF2,HAAS-VF2,1,70E5DFCB0E62CBF43B100427E0671FDA,6999.6185302734375
80612495FA10CA1E4F4FCC54D35E44A5,load,6,2025-05-08T22:51:59.774264+00:00,2025-05-08T22:51:59.943297+00:00,Haas-VF2,HAAS-VF2,1,E981AB9DD6494EC93097EC399F92940C,6
7C701D70B83AD7AC3BB6B9EF871DF4FE,pathfeedrate,40.0,2025-05-08T22:51:59.835404+00:00,2025-05-08T22:51:59.943315+00:00,Haas-VF2,HAAS-VF2,1,0D029646C219F862C033160876BC35A2,40.0
79416F409C6166EF85F77F562C01742E,load,3,2025-05-08T22:52:00.768384+00:00,2025-05-08T22:52:00.938452+00:00,Haas-VF2,HAAS-VF2,1,E981AB9DD6494EC93097EC399F92940C,3
D1665B8A4B609F9C177E6661A42F361D,gcode.ncode,N95,2025-05-08T22:52:00.835448+00:00,2025-05-08T22:52:00.938484+00:00,Haas-VF2,HAAS-VF2,1,13DF52F4A6D8F4E951161CACF4633DDA,N95
61BEB8A09155D924A0272B2D6F1E7E04,spindlespeed,7000.7171630859375,2025-05-08T22:52:00.835500+00:00,2025-05-08T22:52:00.938513+00:00,Haas-VF2,HAAS-VF2,1,70E5DFCB0E62CBF43B100427E0671FDA,7000.7171630859375
14A6A7B208C70515609E7BDFEC73DF0E,load,4,2025-05-08T22:52:01.779036+00:00,2025-05-08T22:52:01.934644+00:00,Haas-VF2,HAAS-VF2,1,E981AB9DD6494EC93097EC399F92940C,4
99BD184603CE574882378214B3D95831,gcode.ncode,N115,2025-05-08T22:52:01.820105+00:00,2025-05-08T22:52:01.934681+00:00,Haas-VF2,HAAS-VF2,1,13DF52F4A6D8F4E951161CACF4633DDA,N115
FE809122B33C91AEB3D464EAE99FCCD5,spindlespeed,5919.635009765625,2025-05-08T22:52:01.820244+00:00,2025-05-08T22:52:01.934688+00:00,Haas-VF2,HAAS-VF2,1,70E5DFCB0E62CBF43B100427E0671FDA,5919.635009765625
87129AE112F0E5FACD61D499890BDAC9,load,0,2025-05-08T22:52:02.776803+00:00,2025-05-08T22:52:02.930429+00:00,Haas-VF2,HAAS-VF2,1,E981AB9DD6494EC93097EC399F92940C,0
D8FEB09CA6CE139FE152A441CE0427E0,gcode.ncode,N120,2025-05-08T22:52:02.831921+00:00,2025-05-08T22:52:02.930458+00:00,Haas-VF2,HAAS-VF2,1,13DF52F4A6D8F4E951161CACF4633DDA,N120
36B16E44740D84A8394A56235B3D193D,spindlespeed,0.421142578125,2025-05-08T22:52:02.831992+00:00,2025-05-08T22:52:02.930466+00:00,Haas-VF2,HAAS-VF2,1,70E5DFCB0E62CBF43B100427E0671FDA,0.421142578125
F3193925FEF6944E7556121744C7F53C,pathfeedrate,0.0,2025-05-08T22:52:02.834620+00:00,2025-05-08T22:52:02.930470+00:00,Haas-VF2,HAAS-VF2,1,0D029646C219F862C033160876BC35A2,0.0
B3260C58C9B997601F539ACF724F3FAD,execution,STOPPED,2025-05-08T22:52:03.805558+00:00,2025-05-08T22:52:03.971121+00:00,Haas-VF2,HAAS-VF2,1,44C66283C2F94886BBBEA5BD88C8BF44,STOPPED
DDE0F13EFF9FF52C22DFDF26C792590D,partcount,902,2025-05-08T22:52:03.805676+00:00,2025-05-08T22:52:03.971146+00:00,Haas-VF2,HAAS-VF2,1,19888D23893669DE81D5180E6890C4A9,902
7C3AB533F0BD2C2EF751FD775BF722D1,execution,STOPPED,2025-05-08T22:52:13.782400+00:00,2025-05-08T22:52:13.921458+00:00,Haas-VF2,HAAS-VF2,1,44C66283C2F94886BBBEA5BD88C8BF44,STOPPED
3738D00B6AD6B54F89F6DD516D8681AD,execution,STOPPED,2025-05-08T22:52:23.890804+00:00,2025-05-08T22:52:23.989523+00:00,Haas-VF2,HAAS-VF2,1,44C66283C2F94886BBBEA5BD88C8BF44,STOPPED
5E08044F7A3B0FD0CA46C2D35B4627BA,gcode.programname,O02500,2025-05-08T22:52:25.820371+00:00,2025-05-08T22:52:25.945644+00:00,Haas-VF2,HAAS-VF2,1,1C73E861C929D618B43B3F1FBB14E072,O02500
B3796F2AEA648C6E2A1683E9705D3753,execution,ACTIVE,2025-05-08T22:52:25.820302+00:00,2025-05-08T22:52:25.945755+00:00,Haas-VF2,HAAS-VF2,1,44C66283C2F94886BBBEA5BD88C8BF44,ACTIVE
8BC2A7176DB42F102C3BBC9E625F6E81,toolnumber,171,2025-05-08T22:52:25.883544+00:00,2025-05-08T22:52:25.945783+00:00,Haas-VF2,HAAS-VF2,1,3D38368E6BF777E49AD6E83C69BCF77A,171
65C0C513DBFF10DF21671B147234C5FD,gcode.toolSlotId,171,2025-05-08T22:52:25.718058+00:00,2025-05-08T22:52:25.945800+00:00,Haas-VF2,HAAS-VF2,1,36D46A341E521DCDA4E15E05B6E3FF40,171
2B3AC0FB2E3DDC3B46C4CF1BA01A929A,gcode.ncode,N55,2025-05-08T22:52:26.800576+00:00,2025-05-08T22:52:26.940794+00:00,Haas-VF2,HAAS-VF2,1,13DF52F4A6D8F4E951161CACF4633DDA,N55
C2EE03C7F5A8BA55657544588E0588B2,spindlespeed,6999.8016357421875,2025-05-08T22:52:26.800643+00:00,2025-05-08T22:52:26.940855+00:00,Haas-VF2,HAAS-VF2,1,70E5DFCB0E62CBF43B100427E0671FDA,6999.8016357421875
3DF190B44617C6AA6E374D3E42491945,pathfeedrate,13.333,2025-05-08T22:52:26.830353+00:00,2025-05-08T22:52:26.940932+00:00,Haas-VF2,HAAS-VF2,1,0D029646C219F862C033160876BC35A2,13.333
ED5EE4CD82B78F90EC2239C65661D8B7,load,6,2025-05-08T22:52:27.767587+00:00,2025-05-08T22:52:27.931252+00:00,Haas-VF2,HAAS-VF2,1,E981AB9DD6494EC93097EC399F92940C,6
8E3C3EB9CA10D6996B903290C61B3FB0,gcode.ncode,N70,2025-05-08T22:52:27.799575+00:00,2025-05-08T22:52:27.931305+00:00,Haas-VF2,HAAS-VF2,1,13DF52F4A6D8F4E951161CACF4633DDA,N70
7BADE8ED5638979F9ACF7F741FB09D1F,spindlespeed,6999.609375,2025-05-08T22:52:27.799632+00:00,2025-05-08T22:52:27.931328+00:00,Haas-VF2,HAAS-VF2,1,70E5DFCB0E62CBF43B100427E0671FDA,6999.609375
1CFE27F70B1A8F5AD9EAF4EE2D32CBBD,pathfeedrate,40.0,2025-05-08T22:52:27.814271+00:00,2025-05-08T22:52:27.931348+00:00,Haas-VF2,HAAS-VF2,1,0D029646C219F862C033160876BC35A2,40.0
36A0A2A160310646A59532C32D0307E2,load,13,2025-05-08T22:52:28.783181+00:00,2025-05-08T22:52:28.952302+00:00,Haas-VF2,HAAS-VF2,1,E981AB9DD6494EC93097EC399F92940C,13
69DAA75E6503BA951A6C353B063820B3,gcode.ncode,N75,2025-05-08T22:52:28.788383+00:00,2025-05-08T22:52:28.952401+00:00,Haas-VF2,HAAS-VF2,1,13DF52F4A6D8F4E951161CACF4633DDA,N75
1C632EBFE2C1A8F04E1BF7BCC9E3DF52,spindlespeed,6998.69384765625,2025-05-08T22:52:28.788445+00:00,2025-05-08T22:52:28.952433+00:00,Haas-VF2,HAAS-VF2,1,70E5DFCB0E62CBF43B100427E0671FDA,6998.69384765625
A774965F9EB1192DBDDB7E8A8BC41535,load,22,2025-05-08T22:52:29.790287+00:00,2025-05-08T22:52:29.948662+00:00,Haas-VF2,HAAS-VF2,1,E981AB9DD6494EC93097EC399F92940C,22
AEDE1CA2449176EF182D271DEABA3167,spindlespeed,6999.0325927734375,2025-05-08T22:52:29.810483+00:00,2025-05-08T22:52:29.948690+00:00,Haas-VF2,HAAS-VF2,1,70E5DFCB0E62CBF43B100427E0671FDA,6999.0325927734375
27770BAD043B4D321A3EE0AE8CA7CC6F,pathfeedrate,105.0,2025-05-08T22:52:29.840141+00:00,2025-05-08T22:52:29.948699+00:00,Haas-VF2,HAAS-VF2,1,0D029646C219F862C033160876BC35A2,105.0
BEDAF6E3B192D8966C0AD100BD108D27,gcode.ncode,N80,2025-05-08T22:52:30.800558+00:00,2025-05-08T22:52:30.961971+00:00,Haas-VF2,HAAS-VF2,1,13DF52F4A6D8F4E951161CACF4633DDA,N80
57410BC78AAE739CC57AD4BD5CC754D5,spindlespeed,6999.755859375,2025-05-08T22:52:30.800616+00:00,2025-05-08T22:52:30.962027+00:00,Haas-VF2,HAAS-VF2,1,70E5DFCB0E62CBF43B100427E0671FDA,6999.755859375
C72B177C744DC3D0586CAB07C26C3A5D,spindlespeed,6999.6185302734375,2025-05-08T22:52:31.789590+00:00,2025-05-08T22:52:31.928544+00:00,Haas-VF2,HAAS-VF2,1,70E5DFCB0E62CBF43B100427E0671FDA,6999.6185302734375
845BF6BFB2A138F8F6DF709FBA69576F,load,4,2025-05-08T22:52:32.767476+00:00,2025-05-08T22:52:32.938573+00:00,Haas-VF2,HAAS-VF2,1,E981AB9DD6494EC93097EC399F92940C,4
81D18B8F51DAC980812107491930A8EF,spindlespeed,6999.554443359375,2025-05-08T22:52:32.834372+00:00,2025-05-08T22:52:32.938705+00:00,Haas-VF2,HAAS-VF2,1,70E5DFCB0E62CBF43B100427E0671FDA,6999.554443359375
5938047ABAF2F6EDEECEC93663B425F4,load,21,2025-05-08T22:52:33.778951+00:00,2025-05-08T22:52:33.949275+00:00,Haas-VF2,HAAS-VF2,1,E981AB9DD6494EC93097EC399F92940C,21
1CF8983D0C774E21B0A18ABECD65177C,gcode.ncode,N85,2025-05-08T22:52:33.791746+00:00,2025-05-08T22:52:33.949335+00:00,Haas-VF2,HAAS-VF2,1,13DF52F4A6D8F4E951161CACF4633DDA,N85
57BA00FFED468A6A227272076D05DB35,spindlespeed,6999.920654296875,2025-05-08T22:52:33.791813+00:00,2025-05-08T22:52:33.949360+00:00,Haas-VF2,HAAS-VF2,1,70E5DFCB0E62CBF43B100427E0671FDA,6999.920654296875
954B35650BD30C14DE5E035CD2DB7070,load,20,2025-05-08T22:52:34.777036+00:00,2025-05-08T22:52:34.950468+00:00,Haas-VF2,HAAS-VF2,1,E981AB9DD6494EC93097EC399F92940C,20
1988FAA6BF3DEE61166F4EF1C2E22C77,gcode.ncode,N90,2025-05-08T22:52:34.806536+00:00,2025-05-08T22:52:34.950551+00:00,Haas-VF2,HAAS-VF2,1,13DF52F4A6D8F4E951161CACF4633DDA,N90
E495E82E3CC8F5A34603CBD43BA6DF7B,spindlespeed,6999.737548828125,2025-05-08T22:52:34.806603+00:00,2025-05-08T22:52:34.950585+00:00,Haas-VF2,HAAS-VF2,1,70E5DFCB0E62CBF43B100427E0671FDA,6999.737548828125
B2283A5D31462B8EC8959FF07BD478A2,load,21,2025-05-08T22:52:35.767854+00:00,2025-05-08T22:52:35.907297+00:00,Haas-VF2,HAAS-VF2,1,E981AB9DD6494EC93097EC399F92940C,21
227641C71F2A99980C25519536E714D5,spindlespeed,6999.609375,2025-05-08T22:52:35.808922+00:00,2025-05-08T22:52:35.907321+00:00,Haas-VF2,HAAS-VF2,1,70E5DFCB0E62CBF43B100427E0671FDA,6999.609375
09FF77D8C121D8D73A801BF24C72D490,load,7,2025-05-08T22:52:36.780090+00:00,2025-05-08T22:52:36.934833+00:00,Haas-VF2,HAAS-VF2,1,E981AB9DD6494EC93097EC399F92940C,7
EE178B860FA7CD4897EFBD01E4114AC4,spindlespeed,6999.591064453125,2025-05-08T22:52:36.828190+00:00,2025-05-08T22:52:36.934894+00:00,Haas-VF2,HAAS-VF2,1,70E5DFCB0E62CBF43B100427E0671FDA,6999.591064453125
A4D7744D1DB6A6D1411990CD192DB05E,load,150,2025-05-08T22:52:37.776718+00:00,2025-05-08T22:52:37.960630+00:00,Haas-VF2,HAAS-VF2,1,E981AB9DD6494EC93097EC399F92940C,150
D838DA4EECD9C2520E0019A0B3D701C5,gcode.ncode,N95,2025-05-08T22:52:37.827370+00:00,2025-05-08T22:52:37.960688+00:00,Haas-VF2,HAAS-VF2,1,13DF52F4A6D8F4E951161CACF4633DDA,N95
7019495C6C93EDB2708A1422CBD62C07,spindlespeed,7000.616455078125,2025-05-08T22:52:37.827438+00:00,2025-05-08T22:52:37.960711+00:00,Haas-VF2,HAAS-VF2,1,70E5DFCB0E62CBF43B100427E0671FDA,7000.616455078125
D3DCBF0A9D6EF7E5ACC16010009732D8,pathfeedrate,40.0,2025-05-08T22:52:37.839982+00:00,2025-05-08T22:52:37.960731+00:00,Haas-VF2,HAAS-VF2,1,0D029646C219F862C033160876BC35A2,40.0
78F9F0B4D59B6913D0A908B2044E8BA3,load,4,2025-05-08T22:52:38.776710+00:00,2025-05-08T22:52:38.953632+00:00,Haas-VF2,HAAS-VF2,1,E981AB9DD6494EC93097EC399F92940C,4
FA6693AEC6FF26866ABF44D70EF9E723,gcode.ncode,N115,2025-05-08T22:52:38.787475+00:00,2025-05-08T22:52:38.953759+00:00,Haas-VF2,HAAS-VF2,1,13DF52F4A6D8F4E951161CACF4633DDA,N115
A45DC1195114C43FEDE69CF3C43E1BE2,spindlespeed,5116.11328125,2025-05-08T22:52:38.787526+00:00,2025-05-08T22:52:38.953787+00:00,Haas-VF2,HAAS-VF2,1,70E5DFCB0E62CBF43B100427E0671FDA,5116.11328125
0AEF45F269239A383BBCEF75B7E6B7AA,load,1,2025-05-08T22:52:39.781763+00:00,2025-05-08T22:52:39.952233+00:00,Haas-VF2,HAAS-VF2,1,E981AB9DD6494EC93097EC399F92940C,1
A89C15B5375B5BA70B2FF55344EF47F9,gcode.ncode,N120,2025-05-08T22:52:39.788299+00:00,2025-05-08T22:52:39.952303+00:00,Haas-VF2,HAAS-VF2,1,13DF52F4A6D8F4E951161CACF4633DDA,N120
B25D57E6488F2805411EE2CAFB49136B,spindlespeed,0.4486083984375,2025-05-08T22:52:39.788386+00:00,2025-05-08T22:52:39.952331+00:00,Haas-VF2,HAAS-VF2,1,70E5DFCB0E62CBF43B100427E0671FDA,0.4486083984375
D05B86F65442A7ED2A35C46D7AE69BCD,pathfeedrate,0.0,2025-05-08T22:52:39.842435+00:00,2025-05-08T22:52:39.952353+00:00,Haas-VF2,HAAS-VF2,1,0D029646C219F862C033160876BC35A2,0.0
6CC1F2E991B0175EE8065DCBE8E5AA3A,execution,STOPPED,2025-05-08T22:52:40.793236+00:00,2025-05-08T22:52:40.948822+00:00,Haas-VF2,HAAS-VF2,1,44C66283C2F94886BBBEA5BD88C8BF44,STOPPED
045AEA82F6661554CE0CBCE1D152C930,partcount,903,2025-05-08T22:52:40.793309+00:00,2025-05-08T22:52:40.948882+00:00,Haas-VF2,HAAS-VF2,1,19888D23893669DE81D5180E6890C4A9,903
3EB72052DC109C6115A4BC9C4A516B72,gcode.programname,O02500,2025-05-08T22:52:50.829283+00:00,2025-05-08T22:52:50.976417+00:00,Haas-VF2,HAAS-VF2,1,1C73E861C929D618B43B3F1FBB14E072,O02500
94694697F943622B8DADB641E9FDC359,execution,ACTIVE,2025-05-08T22:52:50.829217+00:00,2025-05-08T22:52:50.976458+00:00,Haas-VF2,HAAS-VF2,1,44C66283C2F94886BBBEA5BD88C8BF44,ACTIVE
0D3F0D4BF3C019F9B6A28A1CD7240BDF,toolnumber,171,2025-05-08T22:52:50.886464+00:00,2025-05-08T22:52:50.976468+00:00,Haas-VF2,HAAS-VF2,1,3D38368E6BF777E49AD6E83C69BCF77A,171
E4A0A08CDBD85ABD8FCFB097ABC584BF,gcode.toolSlotId,171,2025-05-08T22:52:50.718049+00:00,2025-05-08T22:52:50.976474+00:00,Haas-VF2,HAAS-VF2,1,36D46A341E521DCDA4E15E05B6E3FF40,171
94694697F943622B8DADB641E9FDC359,execution,ACTIVE,2025-05-08T22:52:50.829217+00:00,2025-05-08T22:52:50.976509+00:00,Haas-VF2,HAAS-VF2,1,44C66283C2F94886BBBEA5BD88C8BF44,ACTIVE
7910FA8F31C0C7D9600B1781A2DF3038,gcode.ncode,N55,2025-05-08T22:52:51.850418+00:00,2025-05-08T22:52:51.960441+00:00,Haas-VF2,HAAS-VF2,1,13DF52F4A6D8F4E951161CACF4633DDA,N55
7D05F7C6928930E5D51EE376358D94BC,spindlespeed,6999.9847412109375,2025-05-08T22:52:51.850539+00:00,2025-05-08T22:52:51.960478+00:00,Haas-VF2,HAAS-VF2,1,70E5DFCB0E62CBF43B100427E0671FDA,6999.9847412109375
104FA006E79F2922282C5051CB1C9269,pathfeedrate,40.0,2025-05-08T22:52:51.838646+00:00,2025-05-08T22:52:51.960497+00:00,Haas-VF2,HAAS-VF2,1,0D029646C219F862C033160876BC35A2,40.0
906812A6C58A14D80937A3676EB924B1,load,8,2025-05-08T22:52:52.768243+00:00,2025-05-08T22:52:52.925157+00:00,Haas-VF2,HAAS-VF2,1,E981AB9DD6494EC93097EC399F92940C,8
84CC9B1C5134E7580A85B139BEDC396C,gcode.ncode,N65,2025-05-08T22:52:52.841336+00:00,2025-05-08T22:52:52.925214+00:00,Haas-VF2,HAAS-VF2,1,13DF52F4A6D8F4E951161CACF4633DDA,N65
05DCB72822D892059C7121F3E7A16172,spindlespeed,6999.700927734375,2025-05-08T22:52:52.841401+00:00,2025-05-08T22:52:52.925239+00:00,Haas-VF2,HAAS-VF2,1,70E5DFCB0E62CBF43B100427E0671FDA,6999.700927734375
6F9552E0DCB046F0E94371FE5BC3D8E4,load,14,2025-05-08T22:52:53.766067+00:00,2025-05-08T22:52:53.936941+00:00,Haas-VF2,HAAS-VF2,1,E981AB9DD6494EC93097EC399F92940C,14
C3ABA1F6587123032E89B7A0A19D249C,gcode.ncode,N75,2025-05-08T22:52:53.828333+00:00,2025-05-08T22:52:53.937043+00:00,Haas-VF2,HAAS-VF2,1,13DF52F4A6D8F4E951161CACF4633DDA,N75
720DA8BD284CE8BA0E385FB54A56C2B6,spindlespeed,6998.4832763671875,2025-05-08T22:52:53.828406+00:00,2025-05-08T22:52:53.937070+00:00,Haas-VF2,HAAS-VF2,1,70E5DFCB0E62CBF43B100427E0671FDA,6998.4832763671875
49AAF0F0726F673A9CC30A2CF03794C6,pathfeedrate,105.0,2025-05-08T22:52:53.813035+00:00,2025-05-08T22:52:53.937089+00:00,Haas-VF2,HAAS-VF2,1,0D029646C219F862C033160876BC35A2,105.0
C423934E6453E07A814D88F9011E2FB2,load,22,2025-05-08T22:52:54.776955+00:00,2025-05-08T22:52:54.960613+00:00,Haas-VF2,HAAS-VF2,1,E981AB9DD6494EC93097EC399F92940C,22
58199B9ABEAEA7C62938619D3B6F80DA,gcode.ncode,N80,2025-05-08T22:52:54.859331+00:00,2025-05-08T22:52:54.960647+00:00,Haas-VF2,HAAS-VF2,1,13DF52F4A6D8F4E951161CACF4633DDA,N80
D188EC2B5C85B1110D504826DC93C68F,spindlespeed,6999.2431640625,2025-05-08T22:52:54.859383+00:00,2025-05-08T22:52:54.960660+00:00,Haas-VF2,HAAS-VF2,1,70E5DFCB0E62CBF43B100427E0671FDA,6999.2431640625
75CAB61A65090ED6EB9311510B38A037,spindlespeed,6999.7100830078125,2025-05-08T22:52:55.808437+00:00,2025-05-08T22:52:55.939183+00:00,Haas-VF2,HAAS-VF2,1,70E5DFCB0E62CBF43B100427E0671FDA,6999.7100830078125
CAB28C38E3E78817AA3DE3AD7C3CA61E,load,17,2025-05-08T22:52:56.768509+00:00,2025-05-08T22:52:56.940631+00:00,Haas-VF2,HAAS-VF2,1,E981AB9DD6494EC93097EC399F92940C,17
E7FCF3526F12FF2A281898CA1C9CFBC5,spindlespeed,6999.7283935546875,2025-05-08T22:52:56.837251+00:00,2025-05-08T22:52:56.940690+00:00,Haas-VF2,HAAS-VF2,1,70E5DFCB0E62CBF43B100427E0671FDA,6999.7283935546875
4D64D67D4598D234BBC6918F8A84D50E,load,8,2025-05-08T22:52:57.777646+00:00,2025-05-08T22:52:57.948371+00:00,Haas-VF2,HAAS-VF2,1,E981AB9DD6494EC93097EC399F92940C,8
6B2A6E57EE2B78F8DAD25987F10C1D49,spindlespeed,7003.3172607421875,2025-05-08T22:52:57.810229+00:00,2025-05-08T22:52:57.948446+00:00,Haas-VF2,HAAS-VF2,1,70E5DFCB0E62CBF43B100427E0671FDA,7003.3172607421875
30EF635AF51BB5841114DD40ADCC95D5,load,21,2025-05-08T22:52:58.781436+00:00,2025-05-08T22:52:58.944667+00:00,Haas-VF2,HAAS-VF2,1,E981AB9DD6494EC93097EC399F92940C,21
F554C9880650AC10B7134C455C2D3F4B,gcode.ncode,N85,2025-05-08T22:52:58.812587+00:00,2025-05-08T22:52:58.944781+00:00,Haas-VF2,HAAS-VF2,1,13DF52F4A6D8F4E951161CACF4633DDA,N85
9B59E6AAD071CD9BB3B6EF1B6955D157,spindlespeed,6996.5606689453125,2025-05-08T22:52:58.812647+00:00,2025-05-08T22:52:58.944815+00:00,Haas-VF2,HAAS-VF2,1,70E5DFCB0E62CBF43B100427E0671FDA,6996.5606689453125
6B4DB768563AD57AB5E9E61D248D061C,load,20,2025-05-08T22:52:59.772524+00:00,2025-05-08T22:52:59.942630+00:00,Haas-VF2,HAAS-VF2,1,E981AB9DD6494EC93097EC399F92940C,20
1CAE5DF5D918FC63DCCE68A49F1E066D,gcode.ncode,N90,2025-05-08T22:52:59.809209+00:00,2025-05-08T22:52:59.942677+00:00,Haas-VF2,HAAS-VF2,1,13DF52F4A6D8F4E951161CACF4633DDA,N90
CBB95F254112B1A9AC3A75BD96C62054,spindlespeed,6999.7100830078125,2025-05-08T22:52:59.809272+00:00,2025-05-08T22:52:59.942697+00:00,Haas-VF2,HAAS-VF2,1,70E5DFCB0E62CBF43B100427E0671FDA,6999.7100830078125
3061BD8E08414C8D48B13FBB97B00B2A,load,21,2025-05-08T22:53:00.783335+00:00,2025-05-08T22:53:00.937318+00:00,Haas-VF2,HAAS-VF2,1,E981AB9DD6494EC93097EC399F92940C,21
CC780C04A12E155E4081FEF83BF88FE7,spindlespeed,6999.57275390625,2025-05-08T22:53:00.834464+00:00,2025-05-08T22:53:00.937386+00:00,Haas-VF2,HAAS-VF2,1,70E5DFCB0E62CBF43B100427E0671FDA,6999.57275390625
60902C32C0408D2D7448287C58B08175,load,5,2025-05-08T22:53:01.778446+00:00,2025-05-08T22:53:01.947199+00:00,Haas-VF2,HAAS-VF2,1,E981AB9DD6494EC93097EC399F92940C,5
12A827B0D3B9BC6C388D2A80C135D998,spindlespeed,6999.5452880859375,2025-05-08T22:53:01.845877+00:00,2025-05-08T22:53:01.947237+00:00,Haas-VF2,HAAS-VF2,1,70E5DFCB0E62CBF43B100427E0671FDA,6999.5452880859375
B6F2D03CDEA5E70A0747BB0CCB7F5F6D,pathfeedrate,40.0,2025-05-08T22:53:01.844312+00:00,2025-05-08T22:53:01.947250+00:00,Haas-VF2,HAAS-VF2,1,0D029646C219F862C033160876BC35A2,40.0
0D2A2B97C20AE2AB9413CFDBE67C79AB,load,90,2025-05-08T22:53:02.774530+00:00,2025-05-08T22:53:02.930324+00:00,Haas-VF2,HAAS-VF2,1,E981AB9DD6494EC93097EC399F92940C,90
EEE376A9669594E421264CF6C8A9E919,gcode.ncode,N95,2025-05-08T22:53:02.815105+00:00,2025-05-08T22:53:02.930386+00:00,Haas-VF2,HAAS-VF2,1,13DF52F4A6D8F4E951161CACF4633DDA,N95
82E427C339F88EECEB0057D935F85BA9,spindlespeed,7001.3031005859375,2025-05-08T22:53:02.815156+00:00,2025-05-08T22:53:02.930400+00:00,Haas-VF2,HAAS-VF2,1,70E5DFCB0E62CBF43B100427E0671FDA,7001.3031005859375
A886A59FED08FC038687C98216CCBFA0,load,4,2025-05-08T22:53:03.769716+00:00,2025-05-08T22:53:03.955347+00:00,Haas-VF2,HAAS-VF2,1,E981AB9DD6494EC93097EC399F92940C,4
81383182A95E3C8965D2357E887577DB,gcode.ncode,N115,2025-05-08T22:53:03.816256+00:00,2025-05-08T22:53:03.955364+00:00,Haas-VF2,HAAS-VF2,1,13DF52F4A6D8F4E951161CACF4633DDA,N115
A8E92BE758F95989550587D686B00FFC,spindlespeed,5893.8079833984375,2025-05-08T22:53:03.816349+00:00,2025-05-08T22:53:03.955369+00:00,Haas-VF2,HAAS-VF2,1,70E5DFCB0E62CBF43B100427E0671FDA,5893.8079833984375
6F1CFB56BD755FD6FB0EB851C957A09A,load,0,2025-05-08T22:53:04.768562+00:00,2025-05-08T22:53:04.907064+00:00,Haas-VF2,HAAS-VF2,1,E981AB9DD6494EC93097EC399F92940C,0
4CE4C6F0F651C6451BB0302B201AF17D,gcode.ncode,N120,2025-05-08T22:53:04.792477+00:00,2025-05-08T22:53:04.907097+00:00,Haas-VF2,HAAS-VF2,1,13DF52F4A6D8F4E951161CACF4633DDA,N120
1CF463FCC7CDD29BDB09D00467A6470C,spindlespeed,0.5035400390625,2025-05-08T22:53:04.792535+00:00,2025-05-08T22:53:04.907109+00:00,Haas-VF2,HAAS-VF2,1,70E5DFCB0E62CBF43B100427E0671FDA,0.5035400390625
618DF6091E566192FF1DC59F031CDF72,pathfeedrate,0.0,2025-05-08T22:53:04.814397+00:00,2025-05-08T22:53:04.907119+00:00,Haas-VF2,HAAS-VF2,1,0D029646C219F862C033160876BC35A2,0.0
384F24980A510E3CB684EE1A6F064117,execution,STOPPED,2025-05-08T22:53:05.793271+00:00,2025-05-08T22:53:05.933204+00:00,Haas-VF2,HAAS-VF2,1,44C66283C2F94886BBBEA5BD88C8BF44,STOPPED
44C4170B6AE143D6215766A1E5379A2B,partcount,904,2025-05-08T22:53:05.793352+00:00,2025-05-08T22:53:05.933272+00:00,Haas-VF2,HAAS-VF2,1,19888D23893669DE81D5180E6890C4A9,904
E016A0F05AFDB6C8D6C7A37C807BEDE6,execution,STOPPED,2025-05-08T22:53:15.811356+00:00,2025-05-08T22:53:15.939441+00:00,Haas-VF2,HAAS-VF2,1,44C66283C2F94886BBBEA5BD88C8BF44,STOPPED
54D7DF12392E7D371252C88E8703F804,gcode.programname,O02500,2025-05-08T22:53:18.810912+00:00,2025-05-08T22:53:18.925902+00:00,Haas-VF2,HAAS-VF2,1,1C73E861C929D618B43B3F1FBB14E072,O02500
6A9317B47B0EFFF8D9912CE1FF044A2A,execution,ACTIVE,2025-05-08T22:53:18.810831+00:00,2025-05-08T22:53:18.925921+00:00,Haas-VF2,HAAS-VF2,1,44C66283C2F94886BBBEA5BD88C8BF44,ACTIVE
0FA79DAAC11E1C37DD16F6C7C819483C,toolnumber,171,2025-05-08T22:53:18.863021+00:00,2025-05-08T22:53:18.925928+00:00,Haas-VF2,HAAS-VF2,1,3D38368E6BF777E49AD6E83C69BCF77A,171
E535F131D8B5531EE2C0F3EA8CDD4348,gcode.toolSlotId,171,2025-05-08T22:53:18.718058+00:00,2025-05-08T22:53:18.925933+00:00,Haas-VF2,HAAS-VF2,1,36D46A341E521DCDA4E15E05B6E3FF40,171
7D76E6A7EC0D45C5BDEA13E29036557D,gcode.ncode,N55,2025-05-08T22:53:19.793026+00:00,2025-05-08T22:53:19.948626+00:00,Haas-VF2,HAAS-VF2,1,13DF52F4A6D8F4E951161CACF4633DDA,N55
1D63D14F3744A5E075AC4730B03A72F1,spindlespeed,6999.8931884765625,2025-05-08T22:53:19.793089+00:00,2025-05-08T22:53:19.948666+00:00,Haas-VF2,HAAS-VF2,1,70E5DFCB0E62CBF43B100427E0671FDA,6999.8931884765625
19EC5910EA88E3837D700C868819A413,pathfeedrate,40.0,2025-05-08T22:53:19.837503+00:00,2025-05-08T22:53:19.948681+00:00,Haas-VF2,HAAS-VF2,1,0D029646C219F862C033160876BC35A2,40.0
89DDEDF759415F2B9101E0695490F44A,load,10,2025-05-08T22:53:20.784285+00:00,2025-05-08T22:53:20.939470+00:00,Haas-VF2,HAAS-VF2,1,E981AB9DD6494EC93097EC399F92940C,10
CE7A01D43FE7CEC006DB8758946A0C10,gcode.ncode,N70,2025-05-08T22:53:20.856495+00:00,2025-05-08T22:53:20.939497+00:00,Haas-VF2,HAAS-VF2,1,13DF52F4A6D8F4E951161CACF4633DDA,N70
F5500AFEDD1188F822766FA2F3D786E2,spindlespeed,6999.7283935546875,2025-05-08T22:53:20.856548+00:00,2025-05-08T22:53:20.939509+00:00,Haas-VF2,HAAS-VF2,1,70E5DFCB0E62CBF43B100427E0671FDA,6999.7283935546875
A4F0B4B5890162343096535C99F9BDE4,load,23,2025-05-08T22:53:21.772477+00:00,2025-05-08T22:53:21.946023+00:00,Haas-VF2,HAAS-VF2,1,E981AB9DD6494EC93097EC399F92940C,23
80EEAFAD338666D0310A4763FE973F1C,gcode.ncode,N75,2025-05-08T22:53:21.821734+00:00,2025-05-08T22:53:21.946058+00:00,Haas-VF2,HAAS-VF2,1,13DF52F4A6D8F4E951161CACF4633DDA,N75
4999A6DA9113CE77E1676C113C8BE05A,spindlespeed,6998.748779296875,2025-05-08T22:53:21.821799+00:00,2025-05-08T22:53:21.946072+00:00,Haas-VF2,HAAS-VF2,1,70E5DFCB0E62CBF43B100427E0671FDA,6998.748779296875
7AA4A1FA59BFAE0071AF532BF3A32C39,pathfeedrate,105.0,2025-05-08T22:53:21.821255+00:00,2025-05-08T22:53:21.946083+00:00,Haas-VF2,HAAS-VF2,1,0D029646C219F862C033160876BC35A2,105.0
CFBF1662FC0DCE445E04D28D4988368B,load,22,2025-05-08T22:53:22.771740+00:00,2025-05-08T22:53:22.928734+00:00,Haas-VF2,HAAS-VF2,1,E981AB9DD6494EC93097EC399F92940C,22
7D851EF93DDE0F5D3B3C2C072BB31A93,gcode.ncode,N80,2025-05-08T22:53:22.792485+00:00,2025-05-08T22:53:22.928767+00:00,Haas-VF2,HAAS-VF2,1,13DF52F4A6D8F4E951161CACF4633DDA,N80
BC25CB6AB25E9AE72A0907C6DA4BF802,spindlespeed,6996.112060546875,2025-05-08T22:53:22.792545+00:00,2025-05-08T22:53:22.928781+00:00,Haas-VF2,HAAS-VF2,1,70E5DFCB0E62CBF43B100427E0671FDA,6996.112060546875
21D28062894059351116AEBAAC8A7DFB,spindlespeed,6999.79248046875,2025-05-08T22:53:23.804437+00:00,2025-05-08T22:53:23.952376+00:00,Haas-VF2,HAAS-VF2,1,70E5DFCB0E62CBF43B100427E0671FDA,6999.79248046875
D9D55443330B912B22F93CB1F600E43C,load,9,2025-05-08T22:53:24.784398+00:00,2025-05-08T22:53:24.951068+00:00,Haas-VF2,HAAS-VF2,1,E981AB9DD6494EC93097EC399F92940C,9
0856CDCD78F014DC9A4EB7BC015700C1,spindlespeed,6999.774169921875,2025-05-08T22:53:24.794420+00:00,2025-05-08T22:53:24.951131+00:00,Haas-VF2,HAAS-VF2,1,70E5DFCB0E62CBF43B100427E0671FDA,6999.774169921875
FE507C7BFBBC843ED7BD01C1843701CE,load,15,2025-05-08T22:53:25.764567+00:00,2025-05-08T22:53:25.937784+00:00,Haas-VF2,HAAS-VF2,1,E981AB9DD6494EC93097EC399F92940C,15
32AF27A757AEDBF8943CF7C4E321948E,spindlespeed,7002.2918701171875,2025-05-08T22:53:25.800777+00:00,2025-05-08T22:53:25.937835+00:00,Haas-VF2,HAAS-VF2,1,70E5DFCB0E62CBF43B100427E0671FDA,7002.2918701171875
F034A4B94E2AE40EB12DB31EC710798F,load,21,2025-05-08T22:53:26.774722+00:00,2025-05-08T22:53:26.930001+00:00,Haas-VF2,HAAS-VF2,1,E981AB9DD6494EC93097EC399F92940C,21
08B402B7E089A70BAE6C387BDE81B174,gcode.ncode,N90,2025-05-08T22:53:26.811143+00:00,2025-05-08T22:53:26.930075+00:00,Haas-VF2,HAAS-VF2,1,13DF52F4A6D8F4E951161CACF4633DDA,N90
51FFBC5C759CC2E00C6892C18A6BF395,spindlespeed,6995.745849609375,2025-05-08T22:53:26.811205+00:00,2025-05-08T22:53:26.930114+00:00,Haas-VF2,HAAS-VF2,1,70E5DFCB0E62CBF43B100427E0671FDA,6995.745849609375
1D3711BFC8EF6BE31606C7538E115992,load,20,2025-05-08T22:53:27.769207+00:00,2025-05-08T22:53:27.939324+00:00,Haas-VF2,HAAS-VF2,1,E981AB9DD6494EC93097EC399F92940C,20
51E394E22306C0EA1E50FF240101D2B6,spindlespeed,6999.7833251953125,2025-05-08T22:53:27.800400+00:00,2025-05-08T22:53:27.939455+00:00,Haas-VF2,HAAS-VF2,1,70E5DFCB0E62CBF43B100427E0671FDA,6999.7833251953125
EB6ABFE5C4C6FB90B641F11D6F1D5059,load,21,2025-05-08T22:53:28.767416+00:00,2025-05-08T22:53:28.936970+00:00,Haas-VF2,HAAS-VF2,1,E981AB9DD6494EC93097EC399F92940C,21
0DE1433E4CACEE0C24622FD4949D4D57,spindlespeed,6999.700927734375,2025-05-08T22:53:28.793860+00:00,2025-05-08T22:53:28.936993+00:00,Haas-VF2,HAAS-VF2,1,70E5DFCB0E62CBF43B100427E0671FDA,6999.700927734375
DA2CC26AD5FC89EF356716963820CB00,load,4,2025-05-08T22:53:29.775367+00:00,2025-05-08T22:53:29.913247+00:00,Haas-VF2,HAAS-VF2,1,E981AB9DD6494EC93097EC399F92940C,4
CE5E335C72935B050D49E8EB287E152E,spindlespeed,7000.726318359375,2025-05-08T22:53:29.821489+00:00,2025-05-08T22:53:29.913284+00:00,Haas-VF2,HAAS-VF2,1,70E5DFCB0E62CBF43B100427E0671FDA,7000.726318359375
5DB6E92EA9B308755E00BAF9F3B5FB67,pathfeedrate,40.0,2025-05-08T22:53:29.821332+00:00,2025-05-08T22:53:29.913297+00:00,Haas-VF2,HAAS-VF2,1,0D029646C219F862C033160876BC35A2,40.0
FCBE3F13C369C5F892812CED17526F8E,load,114,2025-05-08T22:53:30.776485+00:00,2025-05-08T22:53:30.931768+00:00,Haas-VF2,HAAS-VF2,1,E981AB9DD6494EC93097EC399F92940C,114
DE4F1DF7A9BBA2BBC8CECD38A2377626,gcode.ncode,N100,2025-05-08T22:53:30.839372+00:00,2025-05-08T22:53:30.931805+00:00,Haas-VF2,HAAS-VF2,1,13DF52F4A6D8F4E951161CACF4633DDA,N100
5259E142EF689461B8939E6C6AD78924,spindlespeed,6999.9298095703125,2025-05-08T22:53:30.839434+00:00,2025-05-08T22:53:30.931824+00:00,Haas-VF2,HAAS-VF2,1,70E5DFCB0E62CBF43B100427E0671FDA,6999.9298095703125
A99B9BFA368CA0A53A3F705ECB81FFC7,load,3,2025-05-08T22:53:31.774795+00:00,2025-05-08T22:53:31.942488+00:00,Haas-VF2,HAAS-VF2,1,E981AB9DD6494EC93097EC399F92940C,3
82524A68DC17DD987B14C5DE0D58EDD4,gcode.ncode,N120,2025-05-08T22:53:31.799614+00:00,2025-05-08T22:53:31.942684+00:00,Haas-VF2,HAAS-VF2,1,13DF52F4A6D8F4E951161CACF4633DDA,N120
FAC17DED77D9CAC6030451D1970F5CE3,spindlespeed,0.0732421875,2025-05-08T22:53:31.799685+00:00,2025-05-08T22:53:31.942719+00:00,Haas-VF2,HAAS-VF2,1,70E5DFCB0E62CBF43B100427E0671FDA,0.0732421875
0449060A67C5E8379AF0B2D2938CFC99,load,0,2025-05-08T22:53:32.781874+00:00,2025-05-08T22:53:32.937623+00:00,Haas-VF2,HAAS-VF2,1,E981AB9DD6494EC93097EC399F92940C,0
2EC61F133F038A68C6F1320FFEE57BF3,spindlespeed,0.4302978515625,2025-05-08T22:53:32.794807+00:00,2025-05-08T22:53:32.937714+00:00,Haas-VF2,HAAS-VF2,1,70E5DFCB0E62CBF43B100427E0671FDA,0.4302978515625
99D6CBD7B929FC655B684EFC9485F78E,pathfeedrate,0.0,2025-05-08T22:53:32.827622+00:00,2025-05-08T22:53:32.937740+00:00,Haas-VF2,HAAS-VF2,1,0D029646C219F862C033160876BC35A2,0.0
4EEB2BAAFB895DCB092182FF7F483B96,execution,STOPPED,2025-05-08T22:53:33.847523+00:00,2025-05-08T22:53:33.949028+00:00,Haas-VF2,HAAS-VF2,1,44C66283C2F94886BBBEA5BD88C8BF44,STOPPED
49C0458E4878D3768ADBA4CA95921AF3,partcount,905,2025-05-08T22:53:33.847577+00:00,2025-05-08T22:53:33.949103+00:00,Haas-VF2,HAAS-VF2,1,19888D23893669DE81D5180E6890C4A9,905
3726DF3F83E5319D269579CC4E64EF2E,execution,STOPPED,2025-05-08T22:53:43.784371+00:00,2025-05-08T22:53:43.942194+00:00,Haas-VF2,HAAS-VF2,1,44C66283C2F94886BBBEA5BD88C8BF44,STOPPED
8801D86DC3DB8FC884F0FA6953524186,execution,STOPPED,2025-05-08T22:53:53.792692+00:00,2025-05-08T22:53:53.947529+00:00,Haas-VF2,HAAS-VF2,1,44C66283C2F94886BBBEA5BD88C8BF44,STOPPED
3E28AA449096E139B2C44D46E65E4B79,execution,STOPPED,2025-05-08T22:54:03.804603+00:00,2025-05-08T22:54:03.928537+00:00,Haas-VF2,HAAS-VF2,1,44C66283C2F94886BBBEA5BD88C8BF44,STOPPED
6740465158204CE21B52957778919564,execution,STOPPED,2025-05-08T22:54:13.798607+00:00,2025-05-08T22:54:13.962910+00:00,Haas-VF2,HAAS-VF2,1,44C66283C2F94886BBBEA5BD88C8BF44,STOPPED
66003A29CF49902EC45DBF768EC32E35,gcode.programname,O02500,2025-05-08T22:54:15.819567+00:00,2025-05-08T22:54:15.940337+00:00,Haas-VF2,HAAS-VF2,1,1C73E861C929D618B43B3F1FBB14E072,O02500
F3849225CBA68110A2DF87487539A089,execution,ACTIVE,2025-05-08T22:54:15.819433+00:00,2025-05-08T22:54:15.940386+00:00,Haas-VF2,HAAS-VF2,1,44C66283C2F94886BBBEA5BD88C8BF44,ACTIVE
332AEB16A796C2933B84A0910F8BCB91,toolnumber,171,2025-05-08T22:54:15.882085+00:00,2025-05-08T22:54:15.940406+00:00,Haas-VF2,HAAS-VF2,1,3D38368E6BF777E49AD6E83C69BCF77A,171
7A8B053CF0BE3CB33878E8E41E621E51,gcode.toolSlotId,171,2025-05-08T22:54:15.718069+00:00,2025-05-08T22:54:15.940420+00:00,Haas-VF2,HAAS-VF2,1,36D46A341E521DCDA4E15E05B6E3FF40,171
3C15A9264B447057D5C84EEAEA26733D,gcode.ncode,N55,2025-05-08T22:54:16.895171+00:00,2025-05-08T22:54:16.935715+00:00,Haas-VF2,HAAS-VF2,1,13DF52F4A6D8F4E951161CACF4633DDA,N55
C713A78A28F0D96DCA9ED48CDD82593C,spindlespeed,6999.700927734375,2025-05-08T22:54:16.895246+00:00,2025-05-08T22:54:16.935769+00:00,Haas-VF2,HAAS-VF2,1,70E5DFCB0E62CBF43B100427E0671FDA,6999.700927734375
3F36AD856FB7F2024E7BAE94150A307C,gcode.ncode,N70,2025-05-08T22:54:17.822970+00:00,2025-05-08T22:54:17.931213+00:00,Haas-VF2,HAAS-VF2,1,13DF52F4A6D8F4E951161CACF4633DDA,N70
56AA2F63E1775C0C6BFD26C5CBC45326,spindlespeed,6999.6002197265625,2025-05-08T22:54:17.823050+00:00,2025-05-08T22:54:17.931258+00:00,Haas-VF2,HAAS-VF2,1,70E5DFCB0E62CBF43B100427E0671FDA,6999.6002197265625
09996E9DEF14963F5C50E846AB4500C5,pathfeedrate,40.0,2025-05-08T22:54:17.837919+00:00,2025-05-08T22:54:17.931277+00:00,Haas-VF2,HAAS-VF2,1,0D029646C219F862C033160876BC35A2,40.0
1C9F886DB09C3186EC9D9A5B69048864,gcode.ncode,N75,2025-05-08T22:54:18.817875+00:00,2025-05-08T22:54:18.942691+00:00,Haas-VF2,HAAS-VF2,1,13DF52F4A6D8F4E951161CACF4633DDA,N75
B953BB291035223FE40AE3F469FECC1F,spindlespeed,6999.5452880859375,2025-05-08T22:54:18.817950+00:00,2025-05-08T22:54:18.942749+00:00,Haas-VF2,HAAS-VF2,1,70E5DFCB0E62CBF43B100427E0671FDA,6999.5452880859375
C270ED0F9D265F38A150D903CE897D44,load,3,2025-05-08T22:54:19.781917+00:00,2025-05-08T22:54:19.965517+00:00,Haas-VF2,HAAS-VF2,1,E981AB9DD6494EC93097EC399F92940C,3
A53D937EAE65DE86569ED4B530177B9A,gcode.ncode,N80,2025-05-08T22:54:19.795488+00:00,2025-05-08T22:54:19.965549+00:00,Haas-VF2,HAAS-VF2,1,13DF52F4A6D8F4E951161CACF4633DDA,N80
94D631C06DB4BA1163C40AF21C9ED0B7,spindlespeed,6999.591064453125,2025-05-08T22:54:19.795558+00:00,2025-05-08T22:54:19.965560+00:00,Haas-VF2,HAAS-VF2,1,70E5DFCB0E62CBF43B100427E0671FDA,6999.591064453125
FBC5684ADE0F2FCBFD059847F957811A,pathfeedrate,105.0,2025-05-08T22:54:19.843358+00:00,2025-05-08T22:54:19.965570+00:00,Haas-VF2,HAAS-VF2,1,0D029646C219F862C033160876BC35A2,105.0
99F12E7E783ED97558D23B8CCF8833BA,spindlespeed,6999.664306640625,2025-05-08T22:54:20.805944+00:00,2025-05-08T22:54:20.930152+00:00,Haas-VF2,HAAS-VF2,1,70E5DFCB0E62CBF43B100427E0671FDA,6999.664306640625
D9B528E982BBFC70F4448C6BAFE8C43B,spindlespeed,6999.6551513671875,2025-05-08T22:54:21.831529+00:00,2025-05-08T22:54:21.954364+00:00,Haas-VF2,HAAS-VF2,1,70E5DFCB0E62CBF43B100427E0671FDA,6999.6551513671875
5293E628DC3E9F9E57DECDEFD008A22E,gcode.ncode,N85,2025-05-08T22:54:23.797138+00:00,2025-05-08T22:54:23.961597+00:00,Haas-VF2,HAAS-VF2,1,13DF52F4A6D8F4E951161CACF4633DDA,N85
D22DBCD0054A693135F58C245BFBEFC8,spindlespeed,6999.71923828125,2025-05-08T22:54:23.797219+00:00,2025-05-08T22:54:23.961696+00:00,Haas-VF2,HAAS-VF2,1,70E5DFCB0E62CBF43B100427E0671FDA,6999.71923828125
4A5F6D8E157CAF52C825A9D0D08171B0,gcode.ncode,N90,2025-05-08T22:54:24.815976+00:00,2025-05-08T22:54:24.957595+00:00,Haas-VF2,HAAS-VF2,1,13DF52F4A6D8F4E951161CACF4633DDA,N90
7DD3FFAE6AE99279FEA9F5FC3E0012BE,spindlespeed,6999.6368408203125,2025-05-08T22:54:24.816028+00:00,2025-05-08T22:54:24.957613+00:00,Haas-VF2,HAAS-VF2,1,70E5DFCB0E62CBF43B100427E0671FDA,6999.6368408203125
771F9FB31E15F1B6F16EEFE37D9E1AE6,spindlespeed,6999.7100830078125,2025-05-08T22:54:25.805152+00:00,2025-05-08T22:54:25.966362+00:00,Haas-VF2,HAAS-VF2,1,70E5DFCB0E62CBF43B100427E0671FDA,6999.7100830078125
966FBE3DDCA82BE787E200B8B8549B41,spindlespeed,6999.6826171875,2025-05-08T22:54:26.788123+00:00,2025-05-08T22:54:26.917987+00:00,Haas-VF2,HAAS-VF2,1,70E5DFCB0E62CBF43B100427E0671FDA,6999.6826171875
4B8EB453F4ADEB63D967CDBEA2E8913C,load,10,2025-05-08T22:54:27.771446+00:00,2025-05-08T22:54:27.990484+00:00,Haas-VF2,HAAS-VF2,1,E981AB9DD6494EC93097EC399F92940C,10
47E730602E83A3E9528444818D8EA78E,gcode.ncode,N95,2025-05-08T22:54:27.881853+00:00,2025-05-08T22:54:27.990547+00:00,Haas-VF2,HAAS-VF2,1,13DF52F4A6D8F4E951161CACF4633DDA,N95
4AA9FA6213BEE245234070217C4E0D06,spindlespeed,6999.700927734375,2025-05-08T22:54:27.881898+00:00,2025-05-08T22:54:27.990572+00:00,Haas-VF2,HAAS-VF2,1,70E5DFCB0E62CBF43B100427E0671FDA,6999.700927734375
C8C9DAAC66471DFF51302F22FDE794EB,pathfeedrate,40.0,2025-05-08T22:54:27.832951+00:00,2025-05-08T22:54:27.990663+00:00,Haas-VF2,HAAS-VF2,1,0D029646C219F862C033160876BC35A2,40.0
2357D16459879BFE9EAAD996D3CD7607,load,4,2025-05-08T22:54:28.785765+00:00,2025-05-08T22:54:28.973053+00:00,Haas-VF2,HAAS-VF2,1,E981AB9DD6494EC93097EC399F92940C,4
476E53E0AC64CD2B776A5704B9B45D1B,gcode.ncode,N115,2025-05-08T22:54:28.844668+00:00,2025-05-08T22:54:28.973074+00:00,Haas-VF2,HAAS-VF2,1,13DF52F4A6D8F4E951161CACF4633DDA,N115
0FE1CA51B086E25E7AACB045336B2E6C,spindlespeed,5946.6156005859375,2025-05-08T22:54:28.844770+00:00,2025-05-08T22:54:28.973081+00:00,Haas-VF2,HAAS-VF2,1,70E5DFCB0E62CBF43B100427E0671FDA,5946.6156005859375
569CC5765D5711563FBF42CE0B7E10C0,load,0,2025-05-08T22:54:29.766702+00:00,2025-05-08T22:54:29.938021+00:00,Haas-VF2,HAAS-VF2,1,E981AB9DD6494EC93097EC399F92940C,0
F3A6CC26E7E95E1C7202EA4F5D9752A8,gcode.ncode,N120,2025-05-08T22:54:29.793307+00:00,2025-05-08T22:54:29.938079+00:00,Haas-VF2,HAAS-VF2,1,13DF52F4A6D8F4E951161CACF4633DDA,N120
F14FAAA7D880E2B30D4B404C2E867284,spindlespeed,0.494384765625,2025-05-08T22:54:29.793375+00:00,2025-05-08T22:54:29.938092+00:00,Haas-VF2,HAAS-VF2,1,70E5DFCB0E62CBF43B100427E0671FDA,0.494384765625
5E7F24F870667B93E41CA5034DA78CC1,pathfeedrate,0.0,2025-05-08T22:54:29.815883+00:00,2025-05-08T22:54:29.938121+00:00,Haas-VF2,HAAS-VF2,1,0D029646C219F862C033160876BC35A2,0.0
C83CCF1C0143B8552419607BF12D2F12,execution,STOPPED,2025-05-08T22:54:30.795929+00:00,2025-05-08T22:54:30.937237+00:00,Haas-VF2,HAAS-VF2,1,44C66283C2F94886BBBEA5BD88C8BF44,STOPPED
2D4650941D38308EB70137DEA7674BC6,partcount,906,2025-05-08T22:54:30.796013+00:00,2025-05-08T22:54:30.937287+00:00,Haas-VF2,HAAS-VF2,1,19888D23893669DE81D5180E6890C4A9,906
D44AB7700DEFF2304BC9B89CEB98EE22,execution,STOPPED,2025-05-08T22:54:40.793975+00:00,2025-05-08T22:54:40.963816+00:00,Haas-VF2,HAAS-VF2,1,44C66283C2F94886BBBEA5BD88C8BF44,STOPPED
332DC519D504FB37E2028B2848AB303A,gcode.programname,O02500,2025-05-08T22:54:49.838406+00:00,2025-05-08T22:54:49.942795+00:00,Haas-VF2,HAAS-VF2,1,1C73E861C929D618B43B3F1FBB14E072,O02500
86B697A93F49C04EF46B093FFCAF8ED6,execution,ACTIVE,2025-05-08T22:54:49.838349+00:00,2025-05-08T22:54:49.942819+00:00,Haas-VF2,HAAS-VF2,1,44C66283C2F94886BBBEA5BD88C8BF44,ACTIVE
D4195A8F862E40CD74EF982DBC4CCE60,toolnumber,171,2025-05-08T22:54:49.896351+00:00,2025-05-08T22:54:49.942825+00:00,Haas-VF2,HAAS-VF2,1,3D38368E6BF777E49AD6E83C69BCF77A,171
F75146905774537453526401CAF33B56,gcode.toolSlotId,171,2025-05-08T22:54:49.718095+00:00,2025-05-08T22:54:49.942830+00:00,Haas-VF2,HAAS-VF2,1,36D46A341E521DCDA4E15E05B6E3FF40,171
06A14FF64EB4A5E073CB46C5EC38E713,gcode.ncode,N55,2025-05-08T22:54:50.844169+00:00,2025-05-08T22:54:50.942320+00:00,Haas-VF2,HAAS-VF2,1,13DF52F4A6D8F4E951161CACF4633DDA,N55
B541EAC56DDB7FDC28966C456FD411BB,spindlespeed,6999.591064453125,2025-05-08T22:54:50.844234+00:00,2025-05-08T22:54:50.942357+00:00,Haas-VF2,HAAS-VF2,1,70E5DFCB0E62CBF43B100427E0671FDA,6999.591064453125
4925A35DC0B0E2ECD73BC0DA86DAD45B,pathfeedrate,40.0,2025-05-08T22:54:50.833281+00:00,2025-05-08T22:54:50.942373+00:00,Haas-VF2,HAAS-VF2,1,0D029646C219F862C033160876BC35A2,40.0
E80FA94B828349C85D982D1C7D2D4780,gcode.ncode,N70,2025-05-08T22:54:51.824494+00:00,2025-05-08T22:54:51.923739+00:00,Haas-VF2,HAAS-VF2,1,13DF52F4A6D8F4E951161CACF4633DDA,N70
9310BF19439E072E25D87A5FA62B5331,spindlespeed,6999.71923828125,2025-05-08T22:54:51.824552+00:00,2025-05-08T22:54:51.923758+00:00,Haas-VF2,HAAS-VF2,1,70E5DFCB0E62CBF43B100427E0671FDA,6999.71923828125
47BC1AB7646CDD108032FD9539E9D129,gcode.ncode,N75,2025-05-08T22:54:52.818673+00:00,2025-05-08T22:54:52.937283+00:00,Haas-VF2,HAAS-VF2,1,13DF52F4A6D8F4E951161CACF4633DDA,N75
9A200F0FB8808F043129CD6F1C877B9C,spindlespeed,6999.737548828125,2025-05-08T22:54:52.818727+00:00,2025-05-08T22:54:52.937323+00:00,Haas-VF2,HAAS-VF2,1,70E5DFCB0E62CBF43B100427E0671FDA,6999.737548828125
32C6389F68194E7C3002F0FFE7C86649,pathfeedrate,105.0,2025-05-08T22:54:52.829834+00:00,2025-05-08T22:54:52.937342+00:00,Haas-VF2,HAAS-VF2,1,0D029646C219F862C033160876BC35A2,105.0
27C648369509ADC2759B3BE3070109A1,load,3,2025-05-08T22:54:53.779223+00:00,2025-05-08T22:54:53.948655+00:00,Haas-VF2,HAAS-VF2,1,E981AB9DD6494EC93097EC399F92940C,3
1AA2511DFF47655FE3BB1B11DB1C2B14,gcode.ncode,N80,2025-05-08T22:54:53.800371+00:00,2025-05-08T22:54:53.948694+00:00,Haas-VF2,HAAS-VF2,1,13DF52F4A6D8F4E951161CACF4633DDA,N80
78E77B49842B0A3A5E5E62960A4EE28D,spindlespeed,6999.700927734375,2025-05-08T22:54:53.800431+00:00,2025-05-08T22:54:53.948707+00:00,Haas-VF2,HAAS-VF2,1,70E5DFCB0E62CBF43B100427E0671FDA,6999.700927734375
456D1E2AF554DD6631E8CABBAD9AADBE,spindlespeed,6999.737548828125,2025-05-08T22:54:54.799460+00:00,2025-05-08T22:54:54.948057+00:00,Haas-VF2,HAAS-VF2,1,70E5DFCB0E62CBF43B100427E0671FDA,6999.737548828125
E23486AB84FAA8EDB21CBA2080CBAE8D,spindlespeed,6999.609375,2025-05-08T22:54:55.825474+00:00,2025-05-08T22:54:55.925192+00:00,Haas-VF2,HAAS-VF2,1,70E5DFCB0E62CBF43B100427E0671FDA,6999.609375
4BCB8F8C09ECCC887B7B73900319CAA5,spindlespeed,6999.5452880859375,2025-05-08T22:54:56.796784+00:00,2025-05-08T22:54:56.933057+00:00,Haas-VF2,HAAS-VF2,1,70E5DFCB0E62CBF43B100427E0671FDA,6999.5452880859375
3EF79933C16653CF53480CC8DC4A2977,gcode.ncode,N85,2025-05-08T22:54:57.803095+00:00,2025-05-08T22:54:57.928436+00:00,Haas-VF2,HAAS-VF2,1,13DF52F4A6D8F4E951161CACF4633DDA,N85
843B8C187F53CF9D0B9DABB7E5ADC966,spindlespeed,6999.6917724609375,2025-05-08T22:54:57.803150+00:00,2025-05-08T22:54:57.928457+00:00,Haas-VF2,HAAS-VF2,1,70E5DFCB0E62CBF43B100427E0671FDA,6999.6917724609375
3C3AD4EE1808C5162A72B667C1778282,gcode.ncode,N90,2025-05-08T22:54:58.805285+00:00,2025-05-08T22:54:58.907948+00:00,Haas-VF2,HAAS-VF2,1,13DF52F4A6D8F4E951161CACF4633DDA,N90
4B16B8110AE5DFA4D4894C5EC3A47B54,spindlespeed,6999.5635986328125,2025-05-08T22:54:58.805349+00:00,2025-05-08T22:54:58.908037+00:00,Haas-VF2,HAAS-VF2,1,70E5DFCB0E62CBF43B100427E0671FDA,6999.5635986328125
1DA93D1050CAAE3518E1382F25D450F7,spindlespeed,6999.7100830078125,2025-05-08T22:54:59.806408+00:00,2025-05-08T22:54:59.929331+00:00,Haas-VF2,HAAS-VF2,1,70E5DFCB0E62CBF43B100427E0671FDA,6999.7100830078125
FC1EE4608036529CCDE64D582C24B77A,spindlespeed,6999.737548828125,2025-05-08T22:55:00.838498+00:00,2025-05-08T22:55:00.947356+00:00,Haas-VF2,HAAS-VF2,1,70E5DFCB0E62CBF43B100427E0671FDA,6999.737548828125
39A4C202BBD4DA544AAA40E0C0550BAA,pathfeedrate,40.0,2025-05-08T22:55:00.837088+00:00,2025-05-08T22:55:00.947376+00:00,Haas-VF2,HAAS-VF2,1,0D029646C219F862C033160876BC35A2,40.0
DD589BE69ABF03249848B1FB035B868E,load,69,2025-05-08T22:55:01.777518+00:00,2025-05-08T22:55:01.962085+00:00,Haas-VF2,HAAS-VF2,1,E981AB9DD6494EC93097EC399F92940C,69
925F9B68E3700458AA65D85C5756205F,gcode.ncode,N95,2025-05-08T22:55:01.804769+00:00,2025-05-08T22:55:01.962102+00:00,Haas-VF2,HAAS-VF2,1,13DF52F4A6D8F4E951161CACF4633DDA,N95
68850D7C7BD59E5BBC577024DF2096AA,spindlespeed,6999.700927734375,2025-05-08T22:55:01.804850+00:00,2025-05-08T22:55:01.962108+00:00,Haas-VF2,HAAS-VF2,1,70E5DFCB0E62CBF43B100427E0671FDA,6999.700927734375
663E97D3489DBDE0EBA0DA9562097B09,load,4,2025-05-08T22:55:02.776499+00:00,2025-05-08T22:55:02.941960+00:00,Haas-VF2,HAAS-VF2,1,E981AB9DD6494EC93097EC399F92940C,4
942E3379498C7E42A1286D8E25613A70,gcode.ncode,N115,2025-05-08T22:55:02.823481+00:00,2025-05-08T22:55:02.941994+00:00,Haas-VF2,HAAS-VF2,1,13DF52F4A6D8F4E951161CACF4633DDA,N115
F79F99B2CA0665EAA8B581FA870EB7D8,spindlespeed,4651.13525390625,2025-05-08T22:55:02.823533+00:00,2025-05-08T22:55:02.941999+00:00,Haas-VF2,HAAS-VF2,1,70E5DFCB0E62CBF43B100427E0671FDA,4651.13525390625
A0B23DC8667EDB4D686676DE4822C3F7,load,0,2025-05-08T22:55:03.770571+00:00,2025-05-08T22:55:03.925387+00:00,Haas-VF2,HAAS-VF2,1,E981AB9DD6494EC93097EC399F92940C,0
A178C3165A6E024E38A5657C9B2789FC,gcode.ncode,N125,2025-05-08T22:55:03.817563+00:00,2025-05-08T22:55:03.925426+00:00,Haas-VF2,HAAS-VF2,1,13DF52F4A6D8F4E951161CACF4633DDA,N125
18AFC077FCCF8F40F18CD30ED9DB692E,spindlespeed,0.3021240234375,2025-05-08T22:55:03.817666+00:00,2025-05-08T22:55:03.925445+00:00,Haas-VF2,HAAS-VF2,1,70E5DFCB0E62CBF43B100427E0671FDA,0.3021240234375
06784C61B753A80FEEDC57213CFEE50F,pathfeedrate,0.0,2025-05-08T22:55:03.817255+00:00,2025-05-08T22:55:03.925461+00:00,Haas-VF2,HAAS-VF2,1,0D029646C219F862C033160876BC35A2,0.0
9AC2F553FB2871BCD5CA239181C9E3C8,execution,STOPPED,2025-05-08T22:55:04.803225+00:00,2025-05-08T22:55:04.951448+00:00,Haas-VF2,HAAS-VF2,1,44C66283C2F94886BBBEA5BD88C8BF44,STOPPED
5B5435752B8401117B9CF8C8A1836F93,partcount,907,2025-05-08T22:55:04.803328+00:00,2025-05-08T22:55:04.951507+00:00,Haas-VF2,HAAS-VF2,1,19888D23893669DE81D5180E6890C4A9,907
791CCD36C87CB2CB7ADEB679041B4B0A,gcode.programname,O02500,2025-05-08T22:55:07.845305+00:00,2025-05-08T22:55:07.945470+00:00,Haas-VF2,HAAS-VF2,1,1C73E861C929D618B43B3F1FBB14E072,O02500
B49D503DB278D0AB5C72CB626EE0A323,execution,ACTIVE,2025-05-08T22:55:07.845234+00:00,2025-05-08T22:55:07.945576+00:00,Haas-VF2,HAAS-VF2,1,44C66283C2F94886BBBEA5BD88C8BF44,ACTIVE
8FEFB24EE8CC35C55E3FC21980C8C549,toolnumber,171,2025-05-08T22:55:07.882223+00:00,2025-05-08T22:55:07.945604+00:00,Haas-VF2,HAAS-VF2,1,3D38368E6BF777E49AD6E83C69BCF77A,171
B800062874529B468C7A291CE5BA8D5F,gcode.toolSlotId,171,2025-05-08T22:55:07.718051+00:00,2025-05-08T22:55:07.945623+00:00,Haas-VF2,HAAS-VF2,1,36D46A341E521DCDA4E15E05B6E3FF40,171
7B6F91B321910DF43A071B45E3E79790,spindlespeed,6999.7467041015625,2025-05-08T22:55:08.832283+00:00,2025-05-08T22:55:08.945061+00:00,Haas-VF2,HAAS-VF2,1,70E5DFCB0E62CBF43B100427E0671FDA,6999.7467041015625
FEBC6C42009B6F917765CC223012CEE5,gcode.ncode,N55,2025-05-08T22:55:09.802231+00:00,2025-05-08T22:55:09.926640+00:00,Haas-VF2,HAAS-VF2,1,13DF52F4A6D8F4E951161CACF4633DDA,N55
5BA291E3976E8AB07D45B5D4461E0F13,spindlespeed,6999.79248046875,2025-05-08T22:55:09.802318+00:00,2025-05-08T22:55:09.926676+00:00,Haas-VF2,HAAS-VF2,1,70E5DFCB0E62CBF43B100427E0671FDA,6999.79248046875
BABE04DD251823822BA67EEAB37322CC,pathfeedrate,40.0,2025-05-08T22:55:09.814929+00:00,2025-05-08T22:55:09.926694+00:00,Haas-VF2,HAAS-VF2,1,0D029646C219F862C033160876BC35A2,40.0
DB3A86C1D3EB91F8542B0430D81197F8,gcode.ncode,N70,2025-05-08T22:55:10.790594+00:00,2025-05-08T22:55:10.948234+00:00,Haas-VF2,HAAS-VF2,1,13DF52F4A6D8F4E951161CACF4633DDA,N70
EA78230882B7647C6803035ACE64FAE8,spindlespeed,6999.7283935546875,2025-05-08T22:55:10.790662+00:00,2025-05-08T22:55:10.948263+00:00,Haas-VF2,HAAS-VF2,1,70E5DFCB0E62CBF43B100427E0671FDA,6999.7283935546875
6AC23D395C484BD7172E63E68C448880,gcode.ncode,N75,2025-05-08T22:55:11.792668+00:00,2025-05-08T22:55:11.958097+00:00,Haas-VF2,HAAS-VF2,1,13DF52F4A6D8F4E951161CACF4633DDA,N75
47EA2C9E7324DB969CC7073994C53050,spindlespeed,6999.5819091796875,2025-05-08T22:55:11.792746+00:00,2025-05-08T22:55:11.958157+00:00,Haas-VF2,HAAS-VF2,1,70E5DFCB0E62CBF43B100427E0671FDA,6999.5819091796875
33F35DADB3F416EE49C3064AD4B0ED19,pathfeedrate,105.0,2025-05-08T22:55:11.839914+00:00,2025-05-08T22:55:11.958184+00:00,Haas-VF2,HAAS-VF2,1,0D029646C219F862C033160876BC35A2,105.0
77C2C00EDDABA957A818857EF452D691,gcode.ncode,N80,2025-05-08T22:55:12.825213+00:00,2025-05-08T22:55:12.928876+00:00,Haas-VF2,HAAS-VF2,1,13DF52F4A6D8F4E951161CACF4633DDA,N80
7C6E06190FE9A7DB83188160189F7E5E,spindlespeed,6999.6734619140625,2025-05-08T22:55:12.825301+00:00,2025-05-08T22:55:12.929031+00:00,Haas-VF2,HAAS-VF2,1,70E5DFCB0E62CBF43B100427E0671FDA,6999.6734619140625
BF20182C9618FC6A625363D0BE23CFE1,spindlespeed,6999.5635986328125,2025-05-08T22:55:13.815858+00:00,2025-05-08T22:55:13.919034+00:00,Haas-VF2,HAAS-VF2,1,70E5DFCB0E62CBF43B100427E0671FDA,6999.5635986328125
0066A004CE38A1C3909D3821B179F691,load,3,2025-05-08T22:55:14.774201+00:00,2025-05-08T22:55:14.945497+00:00,Haas-VF2,HAAS-VF2,1,E981AB9DD6494EC93097EC399F92940C,3
EA6D3C9CE085BBA44B452196919287E5,spindlespeed,6999.664306640625,2025-05-08T22:55:14.833458+00:00,2025-05-08T22:55:14.945598+00:00,Haas-VF2,HAAS-VF2,1,70E5DFCB0E62CBF43B100427E0671FDA,6999.664306640625
7E06FD5419B49112784D42F6968BAE3F,gcode.ncode,N85,2025-05-08T22:55:15.807365+00:00,2025-05-08T22:55:15.988070+00:00,Haas-VF2,HAAS-VF2,1,13DF52F4A6D8F4E951161CACF4633DDA,N85
742D927FE490B3A4284201548490AB20,spindlespeed,6999.7100830078125,2025-05-08T22:55:15.807430+00:00,2025-05-08T22:55:15.988143+00:00,Haas-VF2,HAAS-VF2,1,70E5DFCB0E62CBF43B100427E0671FDA,6999.7100830078125
E6467758F08A2E8DE792453E1E6491F2,gcode.ncode,N90,2025-05-08T22:55:16.806464+00:00,2025-05-08T22:55:16.966345+00:00,Haas-VF2,HAAS-VF2,1,13DF52F4A6D8F4E951161CACF4633DDA,N90
E6DDE37991EAC6769C1138F60DB1A2D6,spindlespeed,6999.664306640625,2025-05-08T22:55:17.800190+00:00,2025-05-08T22:55:17.930156+00:00,Haas-VF2,HAAS-VF2,1,70E5DFCB0E62CBF43B100427E0671FDA,6999.664306640625
FBB2922AF20CD4911A31E57B839AF38D,spindlespeed,6999.71923828125,2025-05-08T22:55:18.833852+00:00,2025-05-08T22:55:18.940499+00:00,Haas-VF2,HAAS-VF2,1,70E5DFCB0E62CBF43B100427E0671FDA,6999.71923828125
1011C3844683E2D1E28FC33F746873E4,spindlespeed,6999.627685546875,2025-05-08T22:55:19.827552+00:00,2025-05-08T22:55:19.952039+00:00,Haas-VF2,HAAS-VF2,1,70E5DFCB0E62CBF43B100427E0671FDA,6999.627685546875
FE870E9102312CBEF5FCB8447181ECB3,pathfeedrate,40.0,2025-05-08T22:55:19.825089+00:00,2025-05-08T22:55:19.952108+00:00,Haas-VF2,HAAS-VF2,1,0D029646C219F862C033160876BC35A2,40.0
385E13A59148714E87EF3FEF91AF81A9,load,115,2025-05-08T22:55:20.772249+00:00,2025-05-08T22:55:20.928178+00:00,Haas-VF2,HAAS-VF2,1,E981AB9DD6494EC93097EC399F92940C,115
7951622964DC36411424C50D5D1C730A,gcode.ncode,N95,2025-05-08T22:55:20.795114+00:00,2025-05-08T22:55:20.928204+00:00,Haas-VF2,HAAS-VF2,1,13DF52F4A6D8F4E951161CACF4633DDA,N95
2842A7AD7EC42EB8CA5787EB4A491053,spindlespeed,6999.6826171875,2025-05-08T22:55:20.795174+00:00,2025-05-08T22:55:20.928213+00:00,Haas-VF2,HAAS-VF2,1,70E5DFCB0E62CBF43B100427E0671FDA,6999.6826171875
1C8B4C8B7525D697086B19C0033504E8,load,3,2025-05-08T22:55:21.771381+00:00,2025-05-08T22:55:21.926979+00:00,Haas-VF2,HAAS-VF2,1,E981AB9DD6494EC93097EC399F92940C,3
9391598A2AFD44D1EBF7950DDEAA1433,gcode.ncode,N115,2025-05-08T22:55:21.904305+00:00,2025-05-08T22:55:21.927007+00:00,Haas-VF2,HAAS-VF2,1,13DF52F4A6D8F4E951161CACF4633DDA,N115
E8E5E0B17EFB22B8DFC0586E327878AE,spindlespeed,2478.84521484375,2025-05-08T22:55:21.904375+00:00,2025-05-08T22:55:21.927018+00:00,Haas-VF2,HAAS-VF2,1,70E5DFCB0E62CBF43B100427E0671FDA,2478.84521484375
F59702876247BC5C7EE48A8C27436F1B,pathfeedrate,0.0,2025-05-08T22:55:21.817106+00:00,2025-05-08T22:55:21.927026+00:00,Haas-VF2,HAAS-VF2,1,0D029646C219F862C033160876BC35A2,0.0
1AFD09A6FF9FD662FCF942BB20F31930,execution,STOPPED,2025-05-08T22:55:22.827584+00:00,2025-05-08T22:55:22.874618+00:00,Haas-VF2,HAAS-VF2,1,44C66283C2F94886BBBEA5BD88C8BF44,STOPPED
70A91B6A35A8E0A2D8FE5B7AA842196F,partcount,908,2025-05-08T22:55:22.827650+00:00,2025-05-08T22:55:22.874663+00:00,Haas-VF2,HAAS-VF2,1,19888D23893669DE81D5180E6890C4A9,908
031ED4A7C573B409A8BE6C0A0BE9D414,gcode.programname,O02500,2025-05-08T22:55:32.831180+00:00,2025-05-08T22:55:32.939459+00:00,Haas-VF2,HAAS-VF2,1,1C73E861C929D618B43B3F1FBB14E072,O02500
D6579467839698A3139A2B72C21DB009,execution,ACTIVE,2025-05-08T22:55:32.831107+00:00,2025-05-08T22:55:32.939484+00:00,Haas-VF2,HAAS-VF2,1,44C66283C2F94886BBBEA5BD88C8BF44,ACTIVE
DE2176087807AE9FBB1EDE63DC929933,toolnumber,171,2025-05-08T22:55:32.887774+00:00,2025-05-08T22:55:32.939493+00:00,Haas-VF2,HAAS-VF2,1,3D38368E6BF777E49AD6E83C69BCF77A,171
9B0DB0968670FA02B53E8BC9C38B9B6D,gcode.toolSlotId,171,2025-05-08T22:55:32.718051+00:00,2025-05-08T22:55:32.939500+00:00,Haas-VF2,HAAS-VF2,1,36D46A341E521DCDA4E15E05B6E3FF40,171
D6579467839698A3139A2B72C21DB009,execution,ACTIVE,2025-05-08T22:55:32.831107+00:00,2025-05-08T22:55:32.939555+00:00,Haas-VF2,HAAS-VF2,1,44C66283C2F94886BBBEA5BD88C8BF44,ACTIVE
B3691BE8151F98D66B9BD6236C5298F7,gcode.ncode,N55,2025-05-08T22:55:33.821189+00:00,2025-05-08T22:55:33.942514+00:00,Haas-VF2,HAAS-VF2,1,13DF52F4A6D8F4E951161CACF4633DDA,N55
F0BCC8BC17C9E9DB0A106C5EBB17961A,spindlespeed,6999.6368408203125,2025-05-08T22:55:33.821258+00:00,2025-05-08T22:55:33.942570+00:00,Haas-VF2,HAAS-VF2,1,70E5DFCB0E62CBF43B100427E0671FDA,6999.6368408203125
A51A5D92811479A4BECC86537BB24723,gcode.ncode,N60,2025-05-08T22:55:34.964140+00:00,2025-05-08T22:55:34.964956+00:00,Haas-VF2,HAAS-VF2,1,13DF52F4A6D8F4E951161CACF4633DDA,N60
8E4C28ED409D80E4317D631755B1FF38,spindlespeed,6999.5361328125,2025-05-08T22:55:34.964194+00:00,2025-05-08T22:55:34.964985+00:00,Haas-VF2,HAAS-VF2,1,70E5DFCB0E62CBF43B100427E0671FDA,6999.5361328125
3BA82CD30ADF0C9009E5FE2952829FEC,pathfeedrate,40.0,2025-05-08T22:55:34.841406+00:00,2025-05-08T22:55:34.964993+00:00,Haas-VF2,HAAS-VF2,1,0D029646C219F862C033160876BC35A2,40.0
A897145D66D8D10EDC1AF7B5CDE1E7C3,gcode.ncode,N75,2025-05-08T22:55:35.819949+00:00,2025-05-08T22:55:35.933746+00:00,Haas-VF2,HAAS-VF2,1,13DF52F4A6D8F4E951161CACF4633DDA,N75
D9E73DBE205D0FA9B1677F4606D4539A,spindlespeed,6999.755859375,2025-05-08T22:55:35.820032+00:00,2025-05-08T22:55:35.933795+00:00,Haas-VF2,HAAS-VF2,1,70E5DFCB0E62CBF43B100427E0671FDA,6999.755859375
DCCBF10EBCD5B0F0112D2997ECB4D165,load,3,2025-05-08T22:55:36.769041+00:00,2025-05-08T22:55:36.905808+00:00,Haas-VF2,HAAS-VF2,1,E981AB9DD6494EC93097EC399F92940C,3
D8CBE4A59699DC8206C1DC3A9D85D3FC,spindlespeed,6999.6917724609375,2025-05-08T22:55:36.792120+00:00,2025-05-08T22:55:36.905837+00:00,Haas-VF2,HAAS-VF2,1,70E5DFCB0E62CBF43B100427E0671FDA,6999.6917724609375
41CBA7CF2220BC4F4F4C5B4585DEA2EC,pathfeedrate,105.0,2025-05-08T22:55:36.814359+00:00,2025-05-08T22:55:36.905847+00:00,Haas-VF2,HAAS-VF2,1,0D029646C219F862C033160876BC35A2,105.0
2DB61FB5D06EB87508F8AFB41ADD38BC,gcode.ncode,N80,2025-05-08T22:55:37.788176+00:00,2025-05-08T22:55:37.939215+00:00,Haas-VF2,HAAS-VF2,1,13DF52F4A6D8F4E951161CACF4633DDA,N80
AD2EB32C8410E2A42CE2359A0B4EE223,spindlespeed,6999.7467041015625,2025-05-08T22:55:37.788265+00:00,2025-05-08T22:55:37.939262+00:00,Haas-VF2,HAAS-VF2,1,70E5DFCB0E62CBF43B100427E0671FDA,6999.7467041015625
E93B01E593C1CF5E0088765C9845FEFD,load,2,2025-05-08T22:55:38.780994+00:00,2025-05-08T22:55:38.965592+00:00,Haas-VF2,HAAS-VF2,1,E981AB9DD6494EC93097EC399F92940C,2
24B87166355AC149B3521FAC62DCA9A7,spindlespeed,6999.6734619140625,2025-05-08T22:55:38.831698+00:00,2025-05-08T22:55:38.965660+00:00,Haas-VF2,HAAS-VF2,1,70E5DFCB0E62CBF43B100427E0671FDA,6999.6734619140625
4280D6C1163D72D818A81F2C3ACBA558,load,3,2025-05-08T22:55:39.774388+00:00,2025-05-08T22:55:39.950455+00:00,Haas-VF2,HAAS-VF2,1,E981AB9DD6494EC93097EC399F92940C,3
0B9D8CB36712A5C8FF125FBFB03DCB63,spindlespeed,6999.737548828125,2025-05-08T22:55:39.808714+00:00,2025-05-08T22:55:39.950506+00:00,Haas-VF2,HAAS-VF2,1,70E5DFCB0E62CBF43B100427E0671FDA,6999.737548828125
10D5D32108DE145A1F280D47B6AE7D99,gcode.ncode,N85,2025-05-08T22:55:40.786182+00:00,2025-05-08T22:55:40.946328+00:00,Haas-VF2,HAAS-VF2,1,13DF52F4A6D8F4E951161CACF4633DDA,N85
0A09D3F07C56B3677F011AF18E4FA214,spindlespeed,6999.6917724609375,2025-05-08T22:55:40.786253+00:00,2025-05-08T22:55:40.946383+00:00,Haas-VF2,HAAS-VF2,1,70E5DFCB0E62CBF43B100427E0671FDA,6999.6917724609375
31A12F9F15A747BF406C60E052171705,gcode.ncode,N90,2025-05-08T22:55:41.796470+00:00,2025-05-08T22:55:41.952515+00:00,Haas-VF2,HAAS-VF2,1,13DF52F4A6D8F4E951161CACF4633DDA,N90
6EBD12F1D83B9AC34DAD0395A8FE345B,spindlespeed,6999.4720458984375,2025-05-08T22:55:41.796525+00:00,2025-05-08T22:55:41.952575+00:00,Haas-VF2,HAAS-VF2,1,70E5DFCB0E62CBF43B100427E0671FDA,6999.4720458984375
79002FC3502175298AF7F66AE158DE51,spindlespeed,6999.71923828125,2025-05-08T22:55:42.824875+00:00,2025-05-08T22:55:42.949069+00:00,Haas-VF2,HAAS-VF2,1,70E5DFCB0E62CBF43B100427E0671FDA,6999.71923828125
7DA2C15477FFCEADA0B69B9879E2AE60,spindlespeed,6999.5819091796875,2025-05-08T22:55:43.818162+00:00,2025-05-08T22:55:43.930640+00:00,Haas-VF2,HAAS-VF2,1,70E5DFCB0E62CBF43B100427E0671FDA,6999.5819091796875
5E130F014FD50A5E28DA0074A1A12ED2,spindlespeed,6999.755859375,2025-05-08T22:55:44.833710+00:00,2025-05-08T22:55:44.953800+00:00,Haas-VF2,HAAS-VF2,1,70E5DFCB0E62CBF43B100427E0671FDA,6999.755859375
CAC48918B91D31666E50D7B824A92442,pathfeedrate,40.0,2025-05-08T22:55:44.831303+00:00,2025-05-08T22:55:44.953845+00:00,Haas-VF2,HAAS-VF2,1,0D029646C219F862C033160876BC35A2,40.0
8F4FAA98DE51383B9E0E1DD0B8DC80AC,load,6,2025-05-08T22:55:45.778168+00:00,2025-05-08T22:55:45.946732+00:00,Haas-VF2,HAAS-VF2,1,E981AB9DD6494EC93097EC399F92940C,6
846A6F96064170F937E67787C31DF2AD,gcode.ncode,N115,2025-05-08T22:55:45.853308+00:00,2025-05-08T22:55:45.946786+00:00,Haas-VF2,HAAS-VF2,1,13DF52F4A6D8F4E951161CACF4633DDA,N115
046CDF0E3C5C29E26EFECE60B7728775,spindlespeed,6999.591064453125,2025-05-08T22:55:45.853379+00:00,2025-05-08T22:55:45.946853+00:00,Haas-VF2,HAAS-VF2,1,70E5DFCB0E62CBF43B100427E0671FDA,6999.591064453125
617926EA6DD526E0B619C2D5F3208C39,load,2,2025-05-08T22:55:46.771065+00:00,2025-05-08T22:55:46.955493+00:00,Haas-VF2,HAAS-VF2,1,E981AB9DD6494EC93097EC399F92940C,2
FAA632C592F456922F055A86BB11BF2E,gcode.ncode,N120,2025-05-08T22:55:46.853204+00:00,2025-05-08T22:55:46.955578+00:00,Haas-VF2,HAAS-VF2,1,13DF52F4A6D8F4E951161CACF4633DDA,N120
434DD5A50DE5327C138EB9AC99DA9114,spindlespeed,0.29296875,2025-05-08T22:55:46.853256+00:00,2025-05-08T22:55:46.955607+00:00,Haas-VF2,HAAS-VF2,1,70E5DFCB0E62CBF43B100427E0671FDA,0.29296875
9AFEA408DF6677833FCA052E4C6BA2F4,pathfeedrate,0.0,2025-05-08T22:55:46.833055+00:00,2025-05-08T22:55:46.955627+00:00,Haas-VF2,HAAS-VF2,1,0D029646C219F862C033160876BC35A2,0.0
C792FD0C91DA8428A8DCC2CDA2D0D270,execution,STOPPED,2025-05-08T22:55:47.808094+00:00,2025-05-08T22:55:47.933161+00:00,Haas-VF2,HAAS-VF2,1,44C66283C2F94886BBBEA5BD88C8BF44,STOPPED
045977A5D52587E7F332E0DAE708E339,partcount,909,2025-05-08T22:55:47.808162+00:00,2025-05-08T22:55:47.933198+00:00,Haas-VF2,HAAS-VF2,1,19888D23893669DE81D5180E6890C4A9,909
DC23A880C80186B5BC55FF03D866AE1C,gcode.programname,O02500,2025-05-08T22:55:52.824092+00:00,2025-05-08T22:55:52.952409+00:00,Haas-VF2,HAAS-VF2,1,1C73E861C929D618B43B3F1FBB14E072,O02500
5467A81CFFB625269555AA3958C9345E,execution,ACTIVE,2025-05-08T22:55:52.823809+00:00,2025-05-08T22:55:52.952466+00:00,Haas-VF2,HAAS-VF2,1,44C66283C2F94886BBBEA5BD88C8BF44,ACTIVE
8C2C57CE8AF5479AAFAFA95107E0621E,toolnumber,171,2025-05-08T22:55:52.891904+00:00,2025-05-08T22:55:52.952484+00:00,Haas-VF2,HAAS-VF2,1,3D38368E6BF777E49AD6E83C69BCF77A,171
9FAE758273A6E57C9CCD2E2215FAC15C,gcode.toolSlotId,171,2025-05-08T22:55:52.718058+00:00,2025-05-08T22:55:52.952500+00:00,Haas-VF2,HAAS-VF2,1,36D46A341E521DCDA4E15E05B6E3FF40,171
8A2BF689F21547F5391CB58C4D7E8111,spindlespeed,6999.64599609375,2025-05-08T22:55:53.822058+00:00,2025-05-08T22:55:53.946643+00:00,Haas-VF2,HAAS-VF2,1,70E5DFCB0E62CBF43B100427E0671FDA,6999.64599609375
17492C6C4E3EC8FFFC0022DE999F7ECC,gcode.ncode,N55,2025-05-08T22:55:54.831580+00:00,2025-05-08T22:55:54.943689+00:00,Haas-VF2,HAAS-VF2,1,13DF52F4A6D8F4E951161CACF4633DDA,N55
C96883DED0CCE6ED88FA025767F220D2,spindlespeed,6999.93896484375,2025-05-08T22:55:54.831668+00:00,2025-05-08T22:55:54.943742+00:00,Haas-VF2,HAAS-VF2,1,70E5DFCB0E62CBF43B100427E0671FDA,6999.93896484375
03E626B2E375D38F6915ADFD3A948F14,pathfeedrate,40.0,2025-05-08T22:55:54.834571+00:00,2025-05-08T22:55:54.943762+00:00,Haas-VF2,HAAS-VF2,1,0D029646C219F862C033160876BC35A2,40.0
E6E4B14AEB8893C411E6F9F45BF54B97,gcode.ncode,N75,2025-05-08T22:55:55.813568+00:00,2025-05-08T22:55:55.934516+00:00,Haas-VF2,HAAS-VF2,1,13DF52F4A6D8F4E951161CACF4633DDA,N75
5CBFBC52EB998CB3A5F0BB5C074BBCEA,spindlespeed,6999.554443359375,2025-05-08T22:55:55.813632+00:00,2025-05-08T22:55:55.934560+00:00,Haas-VF2,HAAS-VF2,1,70E5DFCB0E62CBF43B100427E0671FDA,6999.554443359375
B8BD23D198C474E82DB05717BF915970,spindlespeed,6999.64599609375,2025-05-08T22:55:56.796989+00:00,2025-05-08T22:55:56.930784+00:00,Haas-VF2,HAAS-VF2,1,70E5DFCB0E62CBF43B100427E0671FDA,6999.64599609375
784B7CAED5D5DE56F25C77ACC851002F,pathfeedrate,105.0,2025-05-08T22:55:56.825953+00:00,2025-05-08T22:55:56.930826+00:00,Haas-VF2,HAAS-VF2,1,0D029646C219F862C033160876BC35A2,105.0
C93B5AEFBF1CE333CD84373FC891B68C,load,3,2025-05-08T22:55:57.776069+00:00,2025-05-08T22:55:57.930323+00:00,Haas-VF2,HAAS-VF2,1,E981AB9DD6494EC93097EC399F92940C,3
54B5FCBD22521842294296FA0E012520,gcode.ncode,N80,2025-05-08T22:55:57.814492+00:00,2025-05-08T22:55:57.930340+00:00,Haas-VF2,HAAS-VF2,1,13DF52F4A6D8F4E951161CACF4633DDA,N80
8DDB5A1D27FF265B26F6E5F612412CCA,spindlespeed,6999.554443359375,2025-05-08T22:55:57.814556+00:00,2025-05-08T22:55:57.930345+00:00,Haas-VF2,HAAS-VF2,1,70E5DFCB0E62CBF43B100427E0671FDA,6999.554443359375
91CF88CE2C3C2CA5BB42531303560F43,load,2,2025-05-08T22:55:58.770020+00:00,2025-05-08T22:55:58.941793+00:00,Haas-VF2,HAAS-VF2,1,E981AB9DD6494EC93097EC399F92940C,2
29A2DDC4D7EC1EF61939449FB78AD1F2,spindlespeed,6999.6368408203125,2025-05-08T22:55:58.799888+00:00,2025-05-08T22:55:58.941823+00:00,Haas-VF2,HAAS-VF2,1,70E5DFCB0E62CBF43B100427E0671FDA,6999.6368408203125
63EEE553E1B173EF3D6B5A40C27A2C25,load,3,2025-05-08T22:55:59.767770+00:00,2025-05-08T22:55:59.937888+00:00,Haas-VF2,HAAS-VF2,1,E981AB9DD6494EC93097EC399F92940C,3
15F5FD2D8EE88C70B36C659571244C11,spindlespeed,6999.6551513671875,2025-05-08T22:55:59.789632+00:00,2025-05-08T22:55:59.937954+00:00,Haas-VF2,HAAS-VF2,1,70E5DFCB0E62CBF43B100427E0671FDA,6999.6551513671875
9A021B9D06362D49A980112783A861DA,spindlespeed,6999.627685546875,2025-05-08T22:56:00.869674+00:00,2025-05-08T22:56:00.950870+00:00,Haas-VF2,HAAS-VF2,1,70E5DFCB0E62CBF43B100427E0671FDA,6999.627685546875
561239370DDA0313F6F4C6CD62E84018,gcode.ncode,N90,2025-05-08T22:56:01.791500+00:00,2025-05-08T22:56:01.950266+00:00,Haas-VF2,HAAS-VF2,1,13DF52F4A6D8F4E951161CACF4633DDA,N90
A6E901D29FCA7253B0695BC440039727,spindlespeed,6999.7100830078125,2025-05-08T22:56:01.791562+00:00,2025-05-08T22:56:01.950397+00:00,Haas-VF2,HAAS-VF2,1,70E5DFCB0E62CBF43B100427E0671FDA,6999.7100830078125
C4BD193025472967589E9FE4513E8E87,spindlespeed,6999.6551513671875,2025-05-08T22:56:02.870596+00:00,2025-05-08T22:56:02.963822+00:00,Haas-VF2,HAAS-VF2,1,70E5DFCB0E62CBF43B100427E0671FDA,6999.6551513671875
E7FE1F85C9E16C9027452A2914038CB4,spindlespeed,6999.71923828125,2025-05-08T22:56:03.823991+00:00,2025-05-08T22:56:03.928879+00:00,Haas-VF2,HAAS-VF2,1,70E5DFCB0E62CBF43B100427E0671FDA,6999.71923828125
2B1B8096A578C46B9CEF22D239EE4AAB,spindlespeed,6999.6826171875,2025-05-08T22:56:04.829911+00:00,2025-05-08T22:56:04.922656+00:00,Haas-VF2,HAAS-VF2,1,70E5DFCB0E62CBF43B100427E0671FDA,6999.6826171875
9625B8ED37BA63DB181B492B6766C7F2,pathfeedrate,40.0,2025-05-08T22:56:04.828763+00:00,2025-05-08T22:56:04.922701+00:00,Haas-VF2,HAAS-VF2,1,0D029646C219F862C033160876BC35A2,40.0
F7858233FA1729B2B849AFF3935C4325,load,116,2025-05-08T22:56:05.777795+00:00,2025-05-08T22:56:05.947413+00:00,Haas-VF2,HAAS-VF2,1,E981AB9DD6494EC93097EC399F92940C,116
90472D000F30FB7EFEE8F2F64ABC821D,gcode.ncode,N100,2025-05-08T22:56:05.803634+00:00,2025-05-08T22:56:05.947461+00:00,Haas-VF2,HAAS-VF2,1,13DF52F4A6D8F4E951161CACF4633DDA,N100
DC8847AB71B2C8C51B448659C16E2B77,spindlespeed,6999.71923828125,2025-05-08T22:56:05.803694+00:00,2025-05-08T22:56:05.947481+00:00,Haas-VF2,HAAS-VF2,1,70E5DFCB0E62CBF43B100427E0671FDA,6999.71923828125
5E0BB3251B7540BBB13FDE7FC79C3296,load,2,2025-05-08T22:56:06.778389+00:00,2025-05-08T22:56:06.950165+00:00,Haas-VF2,HAAS-VF2,1,E981AB9DD6494EC93097EC399F92940C,2
056307997A598EB533FA0EA29E26E844,gcode.ncode,N120,2025-05-08T22:56:06.820035+00:00,2025-05-08T22:56:06.950213+00:00,Haas-VF2,HAAS-VF2,1,13DF52F4A6D8F4E951161CACF4633DDA,N120
4E970617184CAC7362B16AD7DA275FA6,spindlespeed,0.1007080078125,2025-05-08T22:56:06.820086+00:00,2025-05-08T22:56:06.950234+00:00,Haas-VF2,HAAS-VF2,1,70E5DFCB0E62CBF43B100427E0671FDA,0.1007080078125
C3ED027A0C050AB995B4823351005FB4,pathfeedrate,0.0,2025-05-08T22:56:06.840914+00:00,2025-05-08T22:56:06.950251+00:00,Haas-VF2,HAAS-VF2,1,0D029646C219F862C033160876BC35A2,0.0
81C2C5A7DC24D36AC724D3E78ED75323,execution,STOPPED,2025-05-08T22:56:07.829420+00:00,2025-05-08T22:56:07.941081+00:00,Haas-VF2,HAAS-VF2,1,44C66283C2F94886BBBEA5BD88C8BF44,STOPPED
546B714F51466B0A5B3C6C17E686BD80,partcount,910,2025-05-08T22:56:07.829478+00:00,2025-05-08T22:56:07.941102+00:00,Haas-VF2,HAAS-VF2,1,19888D23893669DE81D5180E6890C4A9,910
878DCFACE420654E407CBCC780209466,execution,STOPPED,2025-05-08T22:56:17.789555+00:00,2025-05-08T22:56:17.944952+00:00,Haas-VF2,HAAS-VF2,1,44C66283C2F94886BBBEA5BD88C8BF44,STOPPED
340E095B5EC58B655C0AD1E5498B2537,execution,STOPPED,2025-05-08T22:56:27.812379+00:00,2025-05-08T22:56:27.938150+00:00,Haas-VF2,HAAS-VF2,1,44C66283C2F94886BBBEA5BD88C8BF44,STOPPED
040D9B5366D893EF210F61EB7D982961,execution,STOPPED,2025-05-08T22:56:37.813385+00:00,2025-05-08T22:56:37.935267+00:00,Haas-VF2,HAAS-VF2,1,44C66283C2F94886BBBEA5BD88C8BF44,STOPPED
FD4C4FB0B13DDF5A1B5C9244378C9D92,execution,STOPPED,2025-05-08T22:56:47.799416+00:00,2025-05-08T22:56:47.926366+00:00,Haas-VF2,HAAS-VF2,1,44C66283C2F94886BBBEA5BD88C8BF44,STOPPED
2887FB334EB8942E938FC276F4F2DC8E,execution,STOPPED,2025-05-08T22:56:57.792119+00:00,2025-05-08T22:56:57.924178+00:00,Haas-VF2,HAAS-VF2,1,44C66283C2F94886BBBEA5BD88C8BF44,STOPPED
1C14FA781577D3123460CDB0468F4C18,gcode.programname,O02500,2025-05-08T22:57:04.834362+00:00,2025-05-08T22:57:06.840943+00:00,Haas-VF2,HAAS-VF2,1,1C73E861C929D618B43B3F1FBB14E072,O02500
A53DCD59E904F56F2A7F203EF6951178,execution,ACTIVE,2025-05-08T22:57:04.834299+00:00,2025-05-08T22:57:06.840984+00:00,Haas-VF2,HAAS-VF2,1,44C66283C2F94886BBBEA5BD88C8BF44,ACTIVE
68CBDD68E5E1C501B7D77BA43E475C1B,toolnumber,171,2025-05-08T22:57:05.878068+00:00,2025-05-08T22:57:06.840995+00:00,Haas-VF2,HAAS-VF2,1,3D38368E6BF777E49AD6E83C69BCF77A,171
B895D703E1585D9BD82C18960C9543DE,gcode.toolSlotId,171,2025-05-08T22:57:05.718093+00:00,2025-05-08T22:57:06.841004+00:00,Haas-VF2,HAAS-VF2,1,36D46A341E521DCDA4E15E05B6E3FF40,171
65E9C5DCE705F9F66AB112FA40D5090B,gcode.ncode,N55,2025-05-08T22:57:08.111103+00:00,2025-05-08T22:57:08.201916+00:00,Haas-VF2,HAAS-VF2,1,13DF52F4A6D8F4E951161CACF4633DDA,N55
05E2FC21273EDC5CEBEFC6ED7C71C1BE,spindlespeed,6999.884033203125,2025-05-08T22:57:08.111163+00:00,2025-05-08T22:57:08.201935+00:00,Haas-VF2,HAAS-VF2,1,70E5DFCB0E62CBF43B100427E0671FDA,6999.884033203125
4E9B8159E3B2859CB1C1C64BADDBA8CF,pathfeedrate,40.0,2025-05-08T22:57:08.088897+00:00,2025-05-08T22:57:08.201942+00:00,Haas-VF2,HAAS-VF2,1,0D029646C219F862C033160876BC35A2,40.0
CEF2B9B33921D41E82EA86F62E7A0256,load,8,2025-05-08T22:57:08.795124+00:00,2025-05-08T22:57:08.995602+00:00,Haas-VF2,HAAS-VF2,1,E981AB9DD6494EC93097EC399F92940C,8
D802BF49B53A9DC16CE33C738A391D3E,gcode.ncode,N75,2025-05-08T22:57:08.840816+00:00,2025-05-08T22:57:08.995624+00:00,Haas-VF2,HAAS-VF2,1,13DF52F4A6D8F4E951161CACF4633DDA,N75
FA36B820495CFC12FB16CF07E2271CB2,spindlespeed,6999.7100830078125,2025-05-08T22:57:08.840868+00:00,2025-05-08T22:57:08.995630+00:00,Haas-VF2,HAAS-VF2,1,70E5DFCB0E62CBF43B100427E0671FDA,6999.7100830078125
45F5C5970B61E24DC4F576FF7E0C6ED8,load,18,2025-05-08T22:57:09.778950+00:00,2025-05-08T22:57:09.962808+00:00,Haas-VF2,HAAS-VF2,1,E981AB9DD6494EC93097EC399F92940C,18
7A760F45198400F987EE30AE711B838E,spindlespeed,6999.0875244140625,2025-05-08T22:57:09.785482+00:00,2025-05-08T22:57:09.962865+00:00,Haas-VF2,HAAS-VF2,1,70E5DFCB0E62CBF43B100427E0671FDA,6999.0875244140625
000E997CB34F13FF1F46620DA1121ED0,pathfeedrate,105.0,2025-05-08T22:57:09.850422+00:00,2025-05-08T22:57:09.962882+00:00,Haas-VF2,HAAS-VF2,1,0D029646C219F862C033160876BC35A2,105.0
116365EE4CBBFE3BFF860BE2654275A4,load,19,2025-05-08T22:57:10.775101+00:00,2025-05-08T22:57:10.926588+00:00,Haas-VF2,HAAS-VF2,1,E981AB9DD6494EC93097EC399F92940C,19
E3A1A8B91AF81E7AF951494474C92FBD,gcode.ncode,N80,2025-05-08T22:57:10.829299+00:00,2025-05-08T22:57:10.926614+00:00,Haas-VF2,HAAS-VF2,1,13DF52F4A6D8F4E951161CACF4633DDA,N80
3813AD9ED85C29C3B333E7A3D7FC4A2B,spindlespeed,6999.31640625,2025-05-08T22:57:10.829371+00:00,2025-05-08T22:57:10.926623+00:00,Haas-VF2,HAAS-VF2,1,70E5DFCB0E62CBF43B100427E0671FDA,6999.31640625
CA5E1B6846D1DED75E8CC1E45CA6B107,load,18,2025-05-08T22:57:11.765601+00:00,2025-05-08T22:57:11.922309+00:00,Haas-VF2,HAAS-VF2,1,E981AB9DD6494EC93097EC399F92940C,18
08966C1B9A30C04309D5ED5AF7C8AEA5,spindlespeed,6999.664306640625,2025-05-08T22:57:11.801317+00:00,2025-05-08T22:57:11.922365+00:00,Haas-VF2,HAAS-VF2,1,70E5DFCB0E62CBF43B100427E0671FDA,6999.664306640625
0059898F6AFCF662D610E427E8B24D18,load,9,2025-05-08T22:57:12.777286+00:00,2025-05-08T22:57:12.917646+00:00,Haas-VF2,HAAS-VF2,1,E981AB9DD6494EC93097EC399F92940C,9
1E7EF0D62D5E858C0B42100DDE732C86,spindlespeed,6999.627685546875,2025-05-08T22:57:12.808879+00:00,2025-05-08T22:57:12.917743+00:00,Haas-VF2,HAAS-VF2,1,70E5DFCB0E62CBF43B100427E0671FDA,6999.627685546875
D243335833AA40EAC77DDD3130705D58,load,10,2025-05-08T22:57:13.776740+00:00,2025-05-08T22:57:13.930521+00:00,Haas-VF2,HAAS-VF2,1,E981AB9DD6494EC93097EC399F92940C,10
6FE01F0F085BFB82EE1C7AE51FD3A098,gcode.ncode,N85,2025-05-08T22:57:13.808231+00:00,2025-05-08T22:57:13.930570+00:00,Haas-VF2,HAAS-VF2,1,13DF52F4A6D8F4E951161CACF4633DDA,N85
87D01E31B2680505DC763033731A2074,spindlespeed,7000.4150390625,2025-05-08T22:57:13.808283+00:00,2025-05-08T22:57:13.930592+00:00,Haas-VF2,HAAS-VF2,1,70E5DFCB0E62CBF43B100427E0671FDA,7000.4150390625
24F12385AF5246CB551177BA8326A630,load,18,2025-05-08T22:57:14.778320+00:00,2025-05-08T22:57:14.944139+00:00,Haas-VF2,HAAS-VF2,1,E981AB9DD6494EC93097EC399F92940C,18
98444EB2C0D42E64C4A608C86675D260,gcode.ncode,N90,2025-05-08T22:57:14.833232+00:00,2025-05-08T22:57:14.944196+00:00,Haas-VF2,HAAS-VF2,1,13DF52F4A6D8F4E951161CACF4633DDA,N90
3C58500D8373D4D4494508C68A2F1B03,spindlespeed,6999.0692138671875,2025-05-08T22:57:14.833294+00:00,2025-05-08T22:57:14.944223+00:00,Haas-VF2,HAAS-VF2,1,70E5DFCB0E62CBF43B100427E0671FDA,6999.0692138671875
E2D369AA80AEF471A04CB2173D775C5E,spindlespeed,6999.6917724609375,2025-05-08T22:57:15.847242+00:00,2025-05-08T22:57:15.924587+00:00,Haas-VF2,HAAS-VF2,1,70E5DFCB0E62CBF43B100427E0671FDA,6999.6917724609375
93C7D14A3E0520699CCCB7EFD1A94C4E,spindlespeed,6999.5819091796875,2025-05-08T22:57:16.823252+00:00,2025-05-08T22:57:16.930352+00:00,Haas-VF2,HAAS-VF2,1,70E5DFCB0E62CBF43B100427E0671FDA,6999.5819091796875
E75059EC0991D1AA830F264CD2000D2A,load,3,2025-05-08T22:57:17.780292+00:00,2025-05-08T22:57:17.956231+00:00,Haas-VF2,HAAS-VF2,1,E981AB9DD6494EC93097EC399F92940C,3
9518A0D4F58E84C535D47F6963C61E29,spindlespeed,6999.6826171875,2025-05-08T22:57:17.815176+00:00,2025-05-08T22:57:17.956275+00:00,Haas-VF2,HAAS-VF2,1,70E5DFCB0E62CBF43B100427E0671FDA,6999.6826171875
F486D7DB8D9D4BD1A5B2BC55CE489B4E,pathfeedrate,40.0,2025-05-08T22:57:17.845205+00:00,2025-05-08T22:57:17.956293+00:00,Haas-VF2,HAAS-VF2,1,0D029646C219F862C033160876BC35A2,40.0
3DBCF91F58A4DDE5B1C5EB900296D81D,load,102,2025-05-08T22:57:18.772253+00:00,2025-05-08T22:57:18.914885+00:00,Haas-VF2,HAAS-VF2,1,E981AB9DD6494EC93097EC399F92940C,102
42FF1F07472A26097554D6CDCF85778D,gcode.ncode,N95,2025-05-08T22:57:18.802978+00:00,2025-05-08T22:57:18.914913+00:00,Haas-VF2,HAAS-VF2,1,13DF52F4A6D8F4E951161CACF4633DDA,N95
A04FD2848BA0BFC5594F5F0B92DB8DCE,spindlespeed,6999.8291015625,2025-05-08T22:57:18.803047+00:00,2025-05-08T22:57:18.914925+00:00,Haas-VF2,HAAS-VF2,1,70E5DFCB0E62CBF43B100427E0671FDA,6999.8291015625
53395567B11D9DC99817F6BE634BEE92,load,3,2025-05-08T22:57:19.781317+00:00,2025-05-08T22:57:19.933203+00:00,Haas-VF2,HAAS-VF2,1,E981AB9DD6494EC93097EC399F92940C,3
5E79A379155BDA2C901BB0E46ED93298,gcode.ncode,N115,2025-05-08T22:57:19.811252+00:00,2025-05-08T22:57:19.933247+00:00,Haas-VF2,HAAS-VF2,1,13DF52F4A6D8F4E951161CACF4633DDA,N115
F5ECC574768DAD0649EBC5E32C27D0FA,spindlespeed,700.799560546875,2025-05-08T22:57:19.811313+00:00,2025-05-08T22:57:19.933259+00:00,Haas-VF2,HAAS-VF2,1,70E5DFCB0E62CBF43B100427E0671FDA,700.799560546875
15C009E798BF0E2EB475A6FC8D1F9A88,execution,STOPPED,2025-05-08T22:57:20.851991+00:00,2025-05-08T22:57:20.978402+00:00,Haas-VF2,HAAS-VF2,1,44C66283C2F94886BBBEA5BD88C8BF44,STOPPED
CD436F01D54FCCCC8C8DB7D773A82B7C,partcount,911,2025-05-08T22:57:20.852085+00:00,2025-05-08T22:57:20.978455+00:00,Haas-VF2,HAAS-VF2,1,19888D23893669DE81D5180E6890C4A9,911
199D2EB4C855B71E56D7F05A6730943A,execution,ACTIVE,2025-05-08T22:57:30.803422+00:00,2025-05-08T22:57:30.939633+00:00,Haas-VF2,HAAS-VF2,1,44C66283C2F94886BBBEA5BD88C8BF44,ACTIVE
C7FC47334F05E0525C3080A2278389BD,gcode.programname,O02500,2025-05-08T22:57:32.802794+00:00,2025-05-08T22:57:32.955368+00:00,Haas-VF2,HAAS-VF2,1,1C73E861C929D618B43B3F1FBB14E072,O02500
D291C47F107F02B08C6C8B078024630F,execution,ACTIVE,2025-05-08T22:57:32.802728+00:00,2025-05-08T22:57:32.955400+00:00,Haas-VF2,HAAS-VF2,1,44C66283C2F94886BBBEA5BD88C8BF44,ACTIVE
0322B3A0A3E3FA80055B4F59515687AE,toolnumber,171,2025-05-08T22:57:32.891725+00:00,2025-05-08T22:57:32.955412+00:00,Haas-VF2,HAAS-VF2,1,3D38368E6BF777E49AD6E83C69BCF77A,171
9526300C80D88C6E955A09AD6C58AB3C,gcode.toolSlotId,171,2025-05-08T22:57:32.718056+00:00,2025-05-08T22:57:32.955422+00:00,Haas-VF2,HAAS-VF2,1,36D46A341E521DCDA4E15E05B6E3FF40,171
EB3E4F305219936E0A3FA5AC2EB3B7DC,gcode.ncode,N55,2025-05-08T22:57:33.807109+00:00,2025-05-08T22:57:33.918705+00:00,Haas-VF2,HAAS-VF2,1,13DF52F4A6D8F4E951161CACF4633DDA,N55
1ADFDA28D62C5D01D0F69FDB90E3B2FD,spindlespeed,6999.9298095703125,2025-05-08T22:57:33.807160+00:00,2025-05-08T22:57:33.918759+00:00,Haas-VF2,HAAS-VF2,1,70E5DFCB0E62CBF43B100427E0671FDA,6999.9298095703125
F7A0B2FFCC054DD65D9C1F6457E1F8C9,pathfeedrate,40.0,2025-05-08T22:57:33.822339+00:00,2025-05-08T22:57:33.918782+00:00,Haas-VF2,HAAS-VF2,1,0D029646C219F862C033160876BC35A2,40.0
B0C4D0049B17FDFBCA767938215EB96F,gcode.ncode,N75,2025-05-08T22:57:34.803346+00:00,2025-05-08T22:57:34.939766+00:00,Haas-VF2,HAAS-VF2,1,13DF52F4A6D8F4E951161CACF4633DDA,N75
2DD5F5AE6E3B248C3E2A83946FDBF341,spindlespeed,6999.664306640625,2025-05-08T22:57:34.803477+00:00,2025-05-08T22:57:34.939799+00:00,Haas-VF2,HAAS-VF2,1,70E5DFCB0E62CBF43B100427E0671FDA,6999.664306640625
F3B4C5452FAB47C31B23CFA80A27A892,spindlespeed,6999.6826171875,2025-05-08T22:57:35.826473+00:00,2025-05-08T22:57:35.965809+00:00,Haas-VF2,HAAS-VF2,1,70E5DFCB0E62CBF43B100427E0671FDA,6999.6826171875
9EAB323D5019BEBC56B3ED5D1AA59F62,pathfeedrate,105.0,2025-05-08T22:57:35.845260+00:00,2025-05-08T22:57:35.965922+00:00,Haas-VF2,HAAS-VF2,1,0D029646C219F862C033160876BC35A2,105.0
6DF513892506CE3CC99A2776600FB572,gcode.ncode,N80,2025-05-08T22:57:36.799909+00:00,2025-05-08T22:57:36.957990+00:00,Haas-VF2,HAAS-VF2,1,13DF52F4A6D8F4E951161CACF4633DDA,N80
0BD91E253753DAE46892E2C6B98EF749,spindlespeed,6999.554443359375,2025-05-08T22:57:36.799966+00:00,2025-05-08T22:57:36.958032+00:00,Haas-VF2,HAAS-VF2,1,70E5DFCB0E62CBF43B100427E0671FDA,6999.554443359375
D663D4AB6AA1EB6E7C2BC3B4F376B139,load,3,2025-05-08T22:57:37.784198+00:00,2025-05-08T22:57:37.937657+00:00,Haas-VF2,HAAS-VF2,1,E981AB9DD6494EC93097EC399F92940C,3
6EA08435627AE9F3E62E54A891D3637C,spindlespeed,6999.627685546875,2025-05-08T22:57:37.876147+00:00,2025-05-08T22:57:37.937674+00:00,Haas-VF2,HAAS-VF2,1,70E5DFCB0E62CBF43B100427E0671FDA,6999.627685546875
F03FEE709EAE1F09D4EEA7BCD1381900,spindlespeed,6999.6551513671875,2025-05-08T22:57:39.814270+00:00,2025-05-08T22:57:40.017975+00:00,Haas-VF2,HAAS-VF2,1,70E5DFCB0E62CBF43B100427E0671FDA,6999.6551513671875
224F5B98ED7ACF613836AEEFDF7CCD98,gcode.ncode,N85,2025-05-08T22:57:40.793143+00:00,2025-05-08T22:57:40.961973+00:00,Haas-VF2,HAAS-VF2,1,13DF52F4A6D8F4E951161CACF4633DDA,N85
F4BA87F594738E583CD2972F437AB99C,spindlespeed,6999.664306640625,2025-05-08T22:57:40.793225+00:00,2025-05-08T22:57:40.962008+00:00,Haas-VF2,HAAS-VF2,1,70E5DFCB0E62CBF43B100427E0671FDA,6999.664306640625
28FCE08A87CB614A753083E33ADB41A4,load,4,2025-05-08T22:57:41.771802+00:00,2025-05-08T22:57:41.912022+00:00,Haas-VF2,HAAS-VF2,1,E981AB9DD6494EC93097EC399F92940C,4
46FD84DF574F69C206265A6143A77E01,gcode.ncode,N90,2025-05-08T22:57:41.823193+00:00,2025-05-08T22:57:41.912075+00:00,Haas-VF2,HAAS-VF2,1,13DF52F4A6D8F4E951161CACF4633DDA,N90
9EABF04CB4981592953E9569A479B3BC,spindlespeed,6999.64599609375,2025-05-08T22:57:41.823270+00:00,2025-05-08T22:57:41.912097+00:00,Haas-VF2,HAAS-VF2,1,70E5DFCB0E62CBF43B100427E0671FDA,6999.64599609375
60E8A559D3F3FF5D987E3A8ACD616FAD,load,3,2025-05-08T22:57:42.768907+00:00,2025-05-08T22:57:42.925155+00:00,Haas-VF2,HAAS-VF2,1,E981AB9DD6494EC93097EC399F92940C,3
83E4643BE207875F824AA71C309D151F,spindlespeed,6999.7283935546875,2025-05-08T22:57:42.790754+00:00,2025-05-08T22:57:42.925228+00:00,Haas-VF2,HAAS-VF2,1,70E5DFCB0E62CBF43B100427E0671FDA,6999.7283935546875
064921121D52A55FBE6B2A16A1707286,spindlespeed,6999.609375,2025-05-08T22:57:43.830801+00:00,2025-05-08T22:57:43.921091+00:00,Haas-VF2,HAAS-VF2,1,70E5DFCB0E62CBF43B100427E0671FDA,6999.609375
EFB67B7DBB59C61BF808E19B5D365827,pathfeedrate,40.0,2025-05-08T22:57:43.814046+00:00,2025-05-08T22:57:43.921138+00:00,Haas-VF2,HAAS-VF2,1,0D029646C219F862C033160876BC35A2,40.0
ADF3497C8CCF6DD64D246FC1CA9A81A6,load,70,2025-05-08T22:57:44.782396+00:00,2025-05-08T22:57:44.950037+00:00,Haas-VF2,HAAS-VF2,1,E981AB9DD6494EC93097EC399F92940C,70
D24DE40BB3BC34A44910F0DEF6BA7335,gcode.ncode,N100,2025-05-08T22:57:44.820943+00:00,2025-05-08T22:57:44.950099+00:00,Haas-VF2,HAAS-VF2,1,13DF52F4A6D8F4E951161CACF4633DDA,N100
F2A3D214FF650454290FFE05F5C32B76,spindlespeed,6999.7283935546875,2025-05-08T22:57:44.821052+00:00,2025-05-08T22:57:44.950126+00:00,Haas-VF2,HAAS-VF2,1,70E5DFCB0E62CBF43B100427E0671FDA,6999.7283935546875
50F54125CD558B3D63F475208B38AD14,load,3,2025-05-08T22:57:45.778738+00:00,2025-05-08T22:57:45.961899+00:00,Haas-VF2,HAAS-VF2,1,E981AB9DD6494EC93097EC399F92940C,3
F53830DCC5BAA19949DC7CF8E2AB0399,gcode.ncode,N120,2025-05-08T22:57:45.796104+00:00,2025-05-08T22:57:45.961917+00:00,Haas-VF2,HAAS-VF2,1,13DF52F4A6D8F4E951161CACF4633DDA,N120
05FFDA8C9687F406AD996FAAAF92F6E1,spindlespeed,3.7353515625,2025-05-08T22:57:45.796158+00:00,2025-05-08T22:57:45.961923+00:00,Haas-VF2,HAAS-VF2,1,70E5DFCB0E62CBF43B100427E0671FDA,3.7353515625
CD9EA5A37E18F22F57ACE70529C2A847,execution,STOPPED,2025-05-08T22:57:46.796125+00:00,2025-05-08T22:57:46.941290+00:00,Haas-VF2,HAAS-VF2,1,44C66283C2F94886BBBEA5BD88C8BF44,STOPPED
AA89E350939EC89363031513BE60B623,partcount,912,2025-05-08T22:57:46.796224+00:00,2025-05-08T22:57:46.941351+00:00,Haas-VF2,HAAS-VF2,1,19888D23893669DE81D5180E6890C4A9,912
6A0379BF95ED828ED2EFECB42B4898DB,execution,STOPPED,2025-05-08T22:57:56.837613+00:00,2025-05-08T22:57:56.964802+00:00,Haas-VF2,HAAS-VF2,1,44C66283C2F94886BBBEA5BD88C8BF44,STOPPED
4CD2BDC6F46EA9B9DA69E85243BB93E6,execution,STOPPED,2025-05-08T22:58:05.893284+00:00,2025-05-08T22:58:07.813576+00:00,Haas-VF2,HAAS-VF2,1,44C66283C2F94886BBBEA5BD88C8BF44,STOPPED
A4AC5405847ACA9EC9EA14FD1B3C2681,execution,STOPPED,2025-05-08T22:58:16.806949+00:00,2025-05-08T22:58:16.938443+00:00,Haas-VF2,HAAS-VF2,1,44C66283C2F94886BBBEA5BD88C8BF44,STOPPED
7B31FF5F97C9C860DE963B2476495B27,execution,STOPPED,2025-05-08T22:58:26.813112+00:00,2025-05-08T22:58:26.959442+00:00,Haas-VF2,HAAS-VF2,1,44C66283C2F94886BBBEA5BD88C8BF44,STOPPED
F4DBFB418EE75DDC7E656C4A64678E83,execution,STOPPED,2025-05-08T22:58:36.812210+00:00,2025-05-08T22:58:36.946525+00:00,Haas-VF2,HAAS-VF2,1,44C66283C2F94886BBBEA5BD88C8BF44,STOPPED
2B6AE29502B1A500ED4CCA60633BBE05,execution,STOPPED,2025-05-08T22:58:46.784158+00:00,2025-05-08T22:58:46.923198+00:00,Haas-VF2,HAAS-VF2,1,44C66283C2F94886BBBEA5BD88C8BF44,STOPPED
3B4FA5837CB59C5A6887BD464AE9764A,execution,STOPPED,2025-05-08T22:58:56.784985+00:00,2025-05-08T22:58:56.936037+00:00,Haas-VF2,HAAS-VF2,1,44C66283C2F94886BBBEA5BD88C8BF44,STOPPED
6008817EFAA8F7C06C7D1478DCE770E9,execution,STOPPED,2025-05-08T22:59:06.796447+00:00,2025-05-08T22:59:06.920999+00:00,Haas-VF2,HAAS-VF2,1,44C66283C2F94886BBBEA5BD88C8BF44,STOPPED
42825DB3C45C1A6C4F18672555C9D151,execution,STOPPED,2025-05-08T22:59:16.785974+00:00,2025-05-08T22:59:16.906079+00:00,Haas-VF2,HAAS-VF2,1,44C66283C2F94886BBBEA5BD88C8BF44,STOPPED
3A01FC6A3C7FBB94DCF2B49729D14DB7,execution,STOPPED,2025-05-08T22:59:26.808804+00:00,2025-05-08T22:59:26.940960+00:00,Haas-VF2,HAAS-VF2,1,44C66283C2F94886BBBEA5BD88C8BF44,STOPPED
94FA5C81DC651461EEB3CD1AABE4C6BF,execution,STOPPED,2025-05-08T22:59:36.789051+00:00,2025-05-08T22:59:36.931073+00:00,Haas-VF2,HAAS-VF2,1,44C66283C2F94886BBBEA5BD88C8BF44,STOPPED
349C81711A2108F3ADE28FC6BB802A0F,execution,STOPPED,2025-05-08T22:59:46.781163+00:00,2025-05-08T22:59:46.957281+00:00,Haas-VF2,HAAS-VF2,1,44C66283C2F94886BBBEA5BD88C8BF44,STOPPED
1FCC2948E3711C3C19602CDE4B6467BA,execution,STOPPED,2025-05-08T22:59:56.799436+00:00,2025-05-08T22:59:56.928372+00:00,Haas-VF2,HAAS-VF2,1,44C66283C2F94886BBBEA5BD88C8BF44,STOPPED
D2D398C7F5C25D794EEBACBDA2A2BE87,execution,STOPPED,2025-05-08T23:00:06.786742+00:00,2025-05-08T23:00:06.918774+00:00,Haas-VF2,HAAS-VF2,1,44C66283C2F94886BBBEA5BD88C8BF44,STOPPED
FAE4063485457AF2641CD51AAC02AC3D,execution,STOPPED,2025-05-08T23:00:16.799619+00:00,2025-05-08T23:00:16.955582+00:00,Haas-VF2,HAAS-VF2,1,44C66283C2F94886BBBEA5BD88C8BF44,STOPPED
2FB202D12FF9C0B73810D7100D128028,execution,STOPPED,2025-05-08T23:00:26.788215+00:00,2025-05-08T23:00:26.898229+00:00,Haas-VF2,HAAS-VF2,1,44C66283C2F94886BBBEA5BD88C8BF44,STOPPED
D6F0CFD5FB7765F80035E72672272894,execution,STOPPED,2025-05-08T23:00:36.857690+00:00,2025-05-08T23:00:37.000230+00:00,Haas-VF2,HAAS-VF2,1,44C66283C2F94886BBBEA5BD88C8BF44,STOPPED
1B098DFB68F12DA9F60F3897C814D025,execution,STOPPED,2025-05-08T23:00:46.833768+00:00,2025-05-08T23:00:46.972264+00:00,Haas-VF2,HAAS-VF2,1,44C66283C2F94886BBBEA5BD88C8BF44,STOPPED
F4FF576072B10C721DC377BB9DF3B978,execution,STOPPED,2025-05-08T23:00:56.799683+00:00,2025-05-08T23:00:56.971082+00:00,Haas-VF2,HAAS-VF2,1,44C66283C2F94886BBBEA5BD88C8BF44,STOPPED
53F32C95BC18CA11C4616724F9C2A056,execution,STOPPED,2025-05-08T23:01:06.799696+00:00,2025-05-08T23:01:06.944045+00:00,Haas-VF2,HAAS-VF2,1,44C66283C2F94886BBBEA5BD88C8BF44,STOPPED
A57A38F39E3E66E5F05419DD96D2F60B,execution,STOPPED,2025-05-08T23:01:16.789935+00:00,2025-05-08T23:01:16.961423+00:00,Haas-VF2,HAAS-VF2,1,44C66283C2F94886BBBEA5BD88C8BF44,STOPPED
99771153112EBBAF472D6132C6D6F4B5,execution,STOPPED,2025-05-08T23:01:26.819647+00:00,2025-05-08T23:01:26.929073+00:00,Haas-VF2,HAAS-VF2,1,44C66283C2F94886BBBEA5BD88C8BF44,STOPPED
C864AA15E8CBFD9F025525C352B5CE7B,execution,STOPPED,2025-05-08T23:01:36.804387+00:00,2025-05-08T23:01:36.944185+00:00,Haas-VF2,HAAS-VF2,1,44C66283C2F94886BBBEA5BD88C8BF44,STOPPED
9D5ECC72B47041DBA88280587C33FE50,execution,STOPPED,2025-05-08T23:01:46.803940+00:00,2025-05-08T23:01:46.948279+00:00,Haas-VF2,HAAS-VF2,1,44C66283C2F94886BBBEA5BD88C8BF44,STOPPED
4BD113DBBD676C60E291BF1618BD9D49,execution,STOPPED,2025-05-08T23:01:56.800292+00:00,2025-05-08T23:01:56.925987+00:00,Haas-VF2,HAAS-VF2,1,44C66283C2F94886BBBEA5BD88C8BF44,STOPPED
D04BD21B5CD0CDB6F4FB1FFC77575BEA,execution,STOPPED,2025-05-08T23:02:06.784463+00:00,2025-05-08T23:02:06.929503+00:00,Haas-VF2,HAAS-VF2,1,44C66283C2F94886BBBEA5BD88C8BF44,STOPPED
99C8915F22B8417497513DE1C41698D8,execution,STOPPED,2025-05-08T23:02:16.794288+00:00,2025-05-08T23:02:16.953739+00:00,Haas-VF2,HAAS-VF2,1,44C66283C2F94886BBBEA5BD88C8BF44,STOPPED
124D9B30AFC34B19B33B1841CA47A5DF,execution,STOPPED,2025-05-08T23:02:26.781950+00:00,2025-05-08T23:02:26.946008+00:00,Haas-VF2,HAAS-VF2,1,44C66283C2F94886BBBEA5BD88C8BF44,STOPPED
3FE67AB204C1EBDC8A8963743DCEB29C,execution,STOPPED,2025-05-08T23:02:36.791938+00:00,2025-05-08T23:02:36.965575+00:00,Haas-VF2,HAAS-VF2,1,44C66283C2F94886BBBEA5BD88C8BF44,STOPPED
D511BF3AAB26393E4D38E6218D21F6FA,execution,STOPPED,2025-05-08T23:02:46.789389+00:00,2025-05-08T23:02:46.941319+00:00,Haas-VF2,HAAS-VF2,1,44C66283C2F94886BBBEA5BD88C8BF44,STOPPED
704FE34197BF7F5115A00EBAAE917E12,execution,STOPPED,2025-05-08T23:02:56.788785+00:00,2025-05-08T23:02:56.959349+00:00,Haas-VF2,HAAS-VF2,1,44C66283C2F94886BBBEA5BD88C8BF44,STOPPED
DBC68D59A3D3D58C6F6A5E0339C54A68,execution,STOPPED,2025-05-08T23:03:06.796513+00:00,2025-05-08T23:03:06.954414+00:00,Haas-VF2,HAAS-VF2,1,44C66283C2F94886BBBEA5BD88C8BF44,STOPPED
DF9E249BA025BFF74A02B972F017F2AA,execution,STOPPED,2025-05-08T23:03:16.806398+00:00,2025-05-08T23:03:16.951987+00:00,Haas-VF2,HAAS-VF2,1,44C66283C2F94886BBBEA5BD88C8BF44,STOPPED
810C1A6E326FF800EDEBA9E8D329140B,execution,STOPPED,2025-05-08T23:03:26.807746+00:00,2025-05-08T23:03:27.066394+00:00,Haas-VF2,HAAS-VF2,1,44C66283C2F94886BBBEA5BD88C8BF44,STOPPED
43FB65C9E953C0F209961EDB09CB5B4B,execution,STOPPED,2025-05-08T23:03:36.807562+00:00,2025-05-08T23:03:36.971055+00:00,Haas-VF2,HAAS-VF2,1,44C66283C2F94886BBBEA5BD88C8BF44,STOPPED
BF3BD2E64DBF4277B9FBE4324B48D0F0,execution,STOPPED,2025-05-08T23:03:46.796364+00:00,2025-05-08T23:03:47.002498+00:00,Haas-VF2,HAAS-VF2,1,44C66283C2F94886BBBEA5BD88C8BF44,STOPPED
118AC2AA43F35151EAED2AB3F1E4B8EA,execution,STOPPED,2025-05-08T23:03:56.855555+00:00,2025-05-08T23:03:56.955628+00:00,Haas-VF2,HAAS-VF2,1,44C66283C2F94886BBBEA5BD88C8BF44,STOPPED
E958DA43254D2BFD1BDFEC7C09CA9399,execution,STOPPED,2025-05-08T23:04:06.809289+00:00,2025-05-08T23:04:06.965259+00:00,Haas-VF2,HAAS-VF2,1,44C66283C2F94886BBBEA5BD88C8BF44,STOPPED
CED5705B00D451BB6FC839015767CB81,execution,STOPPED,2025-05-08T23:04:16.797366+00:00,2025-05-08T23:04:17.033088+00:00,Haas-VF2,HAAS-VF2,1,44C66283C2F94886BBBEA5BD88C8BF44,STOPPED
C0F89BE9EC60ECE24EEF460A8BD4C237,execution,STOPPED,2025-05-08T23:04:26.831259+00:00,2025-05-08T23:04:26.938451+00:00,Haas-VF2,HAAS-VF2,1,44C66283C2F94886BBBEA5BD88C8BF44,STOPPED
9FA0C09D68B4F7CDEE10820CA6AFD807,execution,STOPPED,2025-05-08T23:04:36.825102+00:00,2025-05-08T23:04:36.949893+00:00,Haas-VF2,HAAS-VF2,1,44C66283C2F94886BBBEA5BD88C8BF44,STOPPED
2B53494C6C989D4BD993736D57ECC25B,execution,STOPPED,2025-05-08T23:04:46.805229+00:00,2025-05-08T23:04:46.967154+00:00,Haas-VF2,HAAS-VF2,1,44C66283C2F94886BBBEA5BD88C8BF44,STOPPED
058D94432715D7C273CC824A7DD4C5D8,execution,STOPPED,2025-05-08T23:04:56.811373+00:00,2025-05-08T23:04:56.974942+00:00,Haas-VF2,HAAS-VF2,1,44C66283C2F94886BBBEA5BD88C8BF44,STOPPED
FDB9E8491C3152CAE1EB0CF42DD215BA,execution,STOPPED,2025-05-08T23:05:06.812531+00:00,2025-05-08T23:05:06.937981+00:00,Haas-VF2,HAAS-VF2,1,44C66283C2F94886BBBEA5BD88C8BF44,STOPPED
B19586DC2B84F470D6E7286ADB10521C,execution,STOPPED,2025-05-08T23:05:16.811111+00:00,2025-05-08T23:05:16.965769+00:00,Haas-VF2,HAAS-VF2,1,44C66283C2F94886BBBEA5BD88C8BF44,STOPPED
29D6CB327F00C7ED268306C984818C36,execution,STOPPED,2025-05-08T23:05:26.833831+00:00,2025-05-08T23:05:26.961022+00:00,Haas-VF2,HAAS-VF2,1,44C66283C2F94886BBBEA5BD88C8BF44,STOPPED
57C34AEC4B6DE17596391ACD701E2742,execution,STOPPED,2025-05-08T23:05:36.801594+00:00,2025-05-08T23:05:36.977002+00:00,Haas-VF2,HAAS-VF2,1,44C66283C2F94886BBBEA5BD88C8BF44,STOPPED
1E5C46CFCF673B4ECDFB4CD0DA69FCA6,execution,STOPPED,2025-05-08T23:05:46.824009+00:00,2025-05-08T23:05:46.964309+00:00,Haas-VF2,HAAS-VF2,1,44C66283C2F94886BBBEA5BD88C8BF44,STOPPED
8F12D12223B9B1E76A28E136FD8C932E,execution,STOPPED,2025-05-08T23:05:56.810593+00:00,2025-05-08T23:05:56.946231+00:00,Haas-VF2,HAAS-VF2,1,44C66283C2F94886BBBEA5BD88C8BF44,STOPPED
A1B24C80C6E135D4CB1542C77D3BB221,execution,STOPPED,2025-05-08T23:06:06.793744+00:00,2025-05-08T23:06:06.967533+00:00,Haas-VF2,HAAS-VF2,1,44C66283C2F94886BBBEA5BD88C8BF44,STOPPED
D4721AF37071035E614A0612FBD8FD35,execution,STOPPED,2025-05-08T23:06:16.815821+00:00,2025-05-08T23:06:16.958808+00:00,Haas-VF2,HAAS-VF2,1,44C66283C2F94886BBBEA5BD88C8BF44,STOPPED
135FBA7CA0ECA8034C954CA57D40A6C2,execution,STOPPED,2025-05-08T23:06:26.832970+00:00,2025-05-08T23:06:26.962036+00:00,Haas-VF2,HAAS-VF2,1,44C66283C2F94886BBBEA5BD88C8BF44,STOPPED
18EAE26F06D3F845C0B1BF40953AE859,execution,STOPPED,2025-05-08T23:06:36.808040+00:00,2025-05-08T23:06:36.978356+00:00,Haas-VF2,HAAS-VF2,1,44C66283C2F94886BBBEA5BD88C8BF44,STOPPED
5339D9A2241E207A717DA1B7E4F4D207,execution,STOPPED,2025-05-08T23:06:46.804038+00:00,2025-05-08T23:06:46.965590+00:00,Haas-VF2,HAAS-VF2,1,44C66283C2F94886BBBEA5BD88C8BF44,STOPPED
8B5B17D7629960A97D689648236C861C,execution,STOPPED,2025-05-08T23:06:56.798798+00:00,2025-05-08T23:06:56.926285+00:00,Haas-VF2,HAAS-VF2,1,44C66283C2F94886BBBEA5BD88C8BF44,STOPPED
D5F5A9644F900BA3D694BCE36E67328B,execution,STOPPED,2025-05-08T23:07:06.799083+00:00,2025-05-08T23:07:06.968766+00:00,Haas-VF2,HAAS-VF2,1,44C66283C2F94886BBBEA5BD88C8BF44,STOPPED
6A7B61E0B217D999D6242AFBAC25D740,execution,STOPPED,2025-05-08T23:07:16.801787+00:00,2025-05-08T23:07:16.966742+00:00,Haas-VF2,HAAS-VF2,1,44C66283C2F94886BBBEA5BD88C8BF44,STOPPED
74B4FA041EBD99E27BCC3B1DCA2C6A9F,execution,STOPPED,2025-05-08T23:07:26.866115+00:00,2025-05-08T23:07:26.991150+00:00,Haas-VF2,HAAS-VF2,1,44C66283C2F94886BBBEA5BD88C8BF44,STOPPED
85001D2B226A7DFDE199333F64298E81,execution,STOPPED,2025-05-08T23:07:36.826659+00:00,2025-05-08T23:07:37.005890+00:00,Haas-VF2,HAAS-VF2,1,44C66283C2F94886BBBEA5BD88C8BF44,STOPPED
7DF9147407864AB02DD8D9B34E018A92,execution,STOPPED,2025-05-08T23:07:46.888626+00:00,2025-05-08T23:07:46.973359+00:00,Haas-VF2,HAAS-VF2,1,44C66283C2F94886BBBEA5BD88C8BF44,STOPPED
516C33E9D3634903FCE2745EFE268C3A,execution,STOPPED,2025-05-08T23:07:56.812817+00:00,2025-05-08T23:07:56.956738+00:00,Haas-VF2,HAAS-VF2,1,44C66283C2F94886BBBEA5BD88C8BF44,STOPPED
2366D48BF300967FD86E847C96B90F9F,execution,STOPPED,2025-05-08T23:08:06.806874+00:00,2025-05-08T23:08:06.954862+00:00,Haas-VF2,HAAS-VF2,1,44C66283C2F94886BBBEA5BD88C8BF44,STOPPED
1582F3EF93E3CD0826E767DA3587B013,execution,STOPPED,2025-05-08T23:08:16.830682+00:00,2025-05-08T23:08:16.957104+00:00,Haas-VF2,HAAS-VF2,1,44C66283C2F94886BBBEA5BD88C8BF44,STOPPED
878EA0BBD6A36F6F9B8CCFB5D036E8E3,execution,STOPPED,2025-05-08T23:08:26.799917+00:00,2025-05-08T23:08:26.976847+00:00,Haas-VF2,HAAS-VF2,1,44C66283C2F94886BBBEA5BD88C8BF44,STOPPED
875E6FE46C026663E6854C6E6629B4A2,execution,STOPPED,2025-05-08T23:08:36.869432+00:00,2025-05-08T23:08:37.010823+00:00,Haas-VF2,HAAS-VF2,1,44C66283C2F94886BBBEA5BD88C8BF44,STOPPED
56128D7A1C0635769492DA7BD3B9761A,execution,STOPPED,2025-05-08T23:08:46.963858+00:00,2025-05-08T23:08:46.983002+00:00,Haas-VF2,HAAS-VF2,1,44C66283C2F94886BBBEA5BD88C8BF44,STOPPED
A7294382EB6F44E609A5B0E2A0A6EBF8,execution,STOPPED,2025-05-08T23:08:56.814084+00:00,2025-05-08T23:08:56.974436+00:00,Haas-VF2,HAAS-VF2,1,44C66283C2F94886BBBEA5BD88C8BF44,STOPPED
9F936B9F65F85E23E6E8804D8E6B8C98,execution,STOPPED,2025-05-08T23:09:06.819634+00:00,2025-05-08T23:09:06.952750+00:00,Haas-VF2,HAAS-VF2,1,44C66283C2F94886BBBEA5BD88C8BF44,STOPPED
5DCA83AD16E959595F9700E434BDC4AF,execution,STOPPED,2025-05-08T23:09:16.812137+00:00,2025-05-08T23:09:16.964146+00:00,Haas-VF2,HAAS-VF2,1,44C66283C2F94886BBBEA5BD88C8BF44,STOPPED
623F3EA5DA1BAF310341B6816374FF70,execution,STOPPED,2025-05-08T23:09:26.821050+00:00,2025-05-08T23:09:26.959357+00:00,Haas-VF2,HAAS-VF2,1,44C66283C2F94886BBBEA5BD88C8BF44,STOPPED
48B8EAA56C4243F54DE3A7502CD710CE,execution,STOPPED,2025-05-08T23:09:36.924280+00:00,2025-05-08T23:09:36.999622+00:00,Haas-VF2,HAAS-VF2,1,44C66283C2F94886BBBEA5BD88C8BF44,STOPPED
4608FB7CD18B6DD662CB1DFB725F3715,execution,STOPPED,2025-05-08T23:09:46.803949+00:00,2025-05-08T23:09:46.959248+00:00,Haas-VF2,HAAS-VF2,1,44C66283C2F94886BBBEA5BD88C8BF44,STOPPED
5F53ED0DBC27374954B65D2BCABC0FC3,execution,STOPPED,2025-05-08T23:09:56.824662+00:00,2025-05-08T23:09:56.957253+00:00,Haas-VF2,HAAS-VF2,1,44C66283C2F94886BBBEA5BD88C8BF44,STOPPED
